artist_names,track_name,source,peak_rank,weeks_on_chart,streams
Jenny Johal,0008,Sidhu Moose Wala,111,3,1651890
Sidhu Moose Wala,0008,Sidhu Moose Wala,111,3,1651890
The Kidd,0008,Sidhu Moose Wala,111,3,1651890
Chahal Saab,2 Khatole,Tuffan Music,179,11,2955361
Manjeet Mor,2 Khatole,Tuffan Music,179,11,2955361
Masoom Sharma,2 Khatole,Tuffan Music,179,11,2955361
Vikash Rajana,2 Khatole,Tuffan Music,179,11,2955361
Masoom Sharma,2 Khatole (Lofi Mix),Tuffan Music,168,32,3048474
Masoom Sharma,4 5 Pistol,GSC Music,128,1,1467775
Swara Verma,4 5 Pistol,GSC Music,128,1,1467775
Karan Aujla,48 Rhymes,WM Canada,168,3,1465459
Manna Music,48 Rhymes,WM Canada,168,3,1465459
Ikky,52 Bars,Rehaan Records,12,61,1755105
Karan Aujla,52 Bars,Rehaan Records,12,61,1755105
Ikky,7.7 Magnitude,WM Canada,115,2,1698132
Karan Aujla,7.7 Magnitude,WM Canada,115,2,1698132
Jay Trak,9:45,Prabh Singh Official,9,81,1358525
Prabh Singh,9:45,Prabh Singh Official,9,81,1358525
Rooh Sandhu,9:45,Prabh Singh Official,9,81,1358525
Rusha & Blizza,AANKH,Warner Music India,112,13,1934635
Sunidhi Chauhan,AANKH,Warner Music India,112,13,1934635
Karan Aujla,ANTIDOTE,Karan Aujla/Rehaan Records,32,34,1481175
Bruno Mars,APT.,Atlantic Records,13,24,3414531
ROSÉ,APT.,Atlantic Records,13,24,3414531
Gurjit Gill,AZUL,Warner Music India,67,13,4908649
Guru Randhawa,AZUL,Warner Music India,67,13,4908649
Lavish Dhiman,AZUL,Warner Music India,67,13,4908649
Atif Aslam,"Aadat - From ""Kalyug""",Vishesh Films,137,16,1499798
Jal,"Aadat - From ""Kalyug""",Vishesh Films,137,16,1499798
Mithoon,"Aadat - From ""Kalyug""",Vishesh Films,137,16,1499798
Vishal Mishra,Aaj Bhi 2,Universal Music India Pvt Ltd.,110,12,1217430
Amitabh Bhattacharya,"Aaj Ki Raat (From ""Stree 2"")",Saregama India Ltd,1,67,4404628
Divya Kumar,"Aaj Ki Raat (From ""Stree 2"")",Saregama India Ltd,1,67,4404628
Madhubanti Bagchi,"Aaj Ki Raat (From ""Stree 2"")",Saregama India Ltd,1,67,4404628
Sachin-Jigar,"Aaj Ki Raat (From ""Stree 2"")",Saregama India Ltd,1,67,4404628
Desi Crew,Aam Jahe Munde,Parmish Verma Films,20,79,1409248
PARDHAAN,Aam Jahe Munde,Parmish Verma Films,20,79,1409248
Parmish Verma,Aam Jahe Munde,Parmish Verma Films,20,79,1409248
Sai Abhyankkar,"Aasa Kooda - From ""Think Indie""",Think Music,3,70,1943558
Sai Smriti,"Aasa Kooda - From ""Think Indie""",Think Music,3,70,1943558
Altamash Faridi,Aashiq Tera,Sony Music / EROS Music,153,35,2799790
Sohail Sen,Aashiq Tera,Sony Music / EROS Music,153,35,2799790
Amitabh Bhattacharya,Aavan Jaavan,YRF Music,8,14,3926802
Arijit Singh,Aavan Jaavan,YRF Music,8,14,3926802
Nikhita Gandhi,Aavan Jaavan,YRF Music,8,14,3926802
Pritam,Aavan Jaavan,YRF Music,8,14,3926802
Amitabh Bhattacharya,"Aavan Jaavan (From ""WAR 2"")",YRF Music,26,2,5740866
Arijit Singh,"Aavan Jaavan (From ""WAR 2"")",YRF Music,26,2,5740866
Nikhita Gandhi,"Aavan Jaavan (From ""WAR 2"")",YRF Music,26,2,5740866
Pritam,"Aavan Jaavan (From ""WAR 2"")",YRF Music,26,2,5740866
Jay Trak,Aaye Haaye (Feat. Nora Fatehi),T-Series,32,11,2567913
Karan Aujla,Aaye Haaye (Feat. Nora Fatehi),T-Series,32,11,2567913
Neha Kakkar,Aaye Haaye (Feat. Nora Fatehi),T-Series,32,11,2567913
Amitabh Bhattacharya,"Aayi Nai (From ""Stree 2"")",Saregama India Ltd,2,65,2786079
Divya Kumar,"Aayi Nai (From ""Stree 2"")",Saregama India Ltd,2,65,2786079
Pawan Singh,"Aayi Nai (From ""Stree 2"")",Saregama India Ltd,2,65,2786079
Sachin-Jigar,"Aayi Nai (From ""Stree 2"")",Saregama India Ltd,2,65,2786079
Simran Choudhary,"Aayi Nai (From ""Stree 2"")",Saregama India Ltd,2,65,2786079
Ikky,Admirin' You (feat. Preston Pablo),WM Canada,24,118,2007127
Karan Aujla,Admirin' You (feat. Preston Pablo),WM Canada,24,118,2007127
Preston Pablo,Admirin' You (feat. Preston Pablo),WM Canada,24,118,2007127
Arijit Singh,Ae Dil Hai Mushkil Title Track,Sony Music Entertainment India Pvt. Ltd.,79,301,2202046
Pritam,Ae Dil Hai Mushkil Title Track,Sony Music Entertainment India Pvt. Ltd.,79,301,2202046
AP Dhillon,Afsos,"Universal Music India Pvt. Ltd. (on behalf of Anuv Jain, AP DHILLON INC/Republic Records)",33,40,5304913
Anuv Jain,Afsos,"Universal Music India Pvt. Ltd. (on behalf of Anuv Jain, AP DHILLON INC/Republic Records)",33,40,5304913
Alka Yagnik,"Agar Tum Saath Ho (From ""Tamasha"")",T-Series,4,336,3704179
Arijit Singh,"Agar Tum Saath Ho (From ""Tamasha"")",T-Series,4,336,3704179
Kazinama,Ahista Ahista,Universal Music India Pvt Ltd.,173,11,2608648
Musarrat Nazir,Ahista Ahista,Universal Music India Pvt Ltd.,173,11,2608648
KK,Ajab Si,T-Series,24,200,2849450
Vishal-Shekhar,Ajab Si,T-Series,24,200,2849450
Mitraz,"Akhiyaan Gulaab (From ""Teri Baaton Mein Aisa Uljha Jiya"")",T-Series,2,82,2326509
Anuv Jain,Alag Aasmaan,Universal Music India Pvt. Ltd. (on behalf of Anuv Jain),30,73,1294130
Kendrick Lamar,"All The Stars (with SZA) - From ""Black Panther: The Album""",Black Panther (TDE/DMG) PS,135,22,1588477
SZA,"All The Stars (with SZA) - From ""Black Panther: The Album""",Black Panther (TDE/DMG) PS,135,22,1588477
Amaal Mallik,Ami Je Tomar 3.0,T-Series,47,9,1398168
Pritam,Ami Je Tomar 3.0,T-Series,47,9,1398168
Sameer Anjaan,Ami Je Tomar 3.0,T-Series,47,9,1398168
Shreya Ghoshal,Ami Je Tomar 3.0,T-Series,47,9,1398168
Devi Sri Prasad,"Angaaron (From ""Pushpa 2 The Rule"") [HINDI]",T-Series,37,11,1322802
Raqueeb Alam,"Angaaron (From ""Pushpa 2 The Rule"") [HINDI]",T-Series,37,11,1322802
Shreya Ghoshal,"Angaaron (From ""Pushpa 2 The Rule"") [HINDI]",T-Series,37,11,1322802
Amitabh Bhattacharya,Apna Bana Le,Zee Music Company,1,124,5094843
Arijit Singh,Apna Bana Le,Zee Music Company,1,124,5094843
Sachin-Jigar,Apna Bana Le,Zee Music Company,1,124,5094843
Anuv Jain,Arz Kiya Hai | Coke Studio Bharat,Universal Music India Pvt Ltd.,170,11,5819211
Darshan Raval,Asal Mein,Indie Music Label,21,195,1482675
Ikky,At Peace,WM Canada,17,19,3380835
Karan Aujla,At Peace,WM Canada,17,19,3380835
Arijit Singh,Aur Mohabbat Kitni Karoon,T-Series,153,3,1457008
Pritam,Aur Mohabbat Kitni Karoon,T-Series,153,3,1457008
Sandeep Shrivastava,Aur Mohabbat Kitni Karoon,T-Series,153,3,1457008
Shubh,Aura,SHUBH,146,23,2087687
Anirudh Ravichander,Ayudha Pooja [TELUGU],T-Series,50,15,1297230
Kala Bhairava,Ayudha Pooja [TELUGU],T-Series,50,15,1297230
Ramajogayya Sastry,Ayudha Pooja [TELUGU],T-Series,50,15,1297230
Dhanda Nyoliwala,BLACK RIDE,FarArmy Productions,166,4,1725281
Hammy Muzic,BLACK RIDE,FarArmy Productions,166,4,1725281
Anuv Jain,Baarishein,Universal Music India Pvt. Ltd. (on behalf of Anuv Jain),16,234,2392162
Sapna Choudhary,Baba Ji,Dreams Entertainment,32,10,2439277
Vishu Puthi,Baba Ji,Dreams Entertainment,32,10,2439277
Shreya Ghoshal,Bahara,Sony Music Entertainment India Pvt. Ltd.,191,3,1540425
Sona Mohapatra,Bahara,Sony Music Entertainment India Pvt. Ltd.,191,3,1540425
Vishal-Shekhar,Bahara,Sony Music Entertainment India Pvt. Ltd.,191,3,1540425
Pritam,Balam Pichkari,T-Series,30,6,2596423
Shalmali Kholgade,Balam Pichkari,T-Series,30,6,2596423
Vishal Dadlani,Balam Pichkari,T-Series,30,6,2596423
Shubh,Balenci,Shubh,118,10,2065328
Shubh,Bandana,Shubh,8,69,2103606
Dr Zeus,Bande 4,K Million Music,180,4,1483684
Jasmeen Akhtar,Bande 4,K Million Music,180,4,1483684
Watan Sahi,Bande 4,K Million Music,180,4,1483684
Arijit Singh,"Bandeya - From ""Dil Juunglee""",Pooja Music,70,84,1335444
Shaarib Toshi,"Bandeya - From ""Dil Juunglee""",Pooja Music,70,84,1335444
Mithoon,Banjaara,T-Series,128,61,1447577
Mohammed Irfan,Banjaara,T-Series,128,61,1447577
Mohammed Irfan,"Banjaara (From ""Ek Villain"")",T-Series,146,60,1579274
Jubin Nautiyal,"Barbaad (From ""Saiyaara"")",YRF Music,7,16,7991473
The Rish,"Barbaad (From ""Saiyaara"")",YRF Music,7,16,7991473
Shilpa Rao,Barbaad Reprise - Female,YRF Music,98,4,2306757
The Rish,Barbaad Reprise - Female,YRF Music,98,4,2306757
Javed-Mohsin,"Bas Ek Dhadak - From ""Dhadak 2""",Zee Music Company,182,5,2085742
Jubin Nautiyal,"Bas Ek Dhadak - From ""Dhadak 2""",Zee Music Company,182,5,2085742
Rashmi Virag,"Bas Ek Dhadak - From ""Dhadak 2""",Zee Music Company,182,5,2085742
Shreya Ghoshal,"Bas Ek Dhadak - From ""Dhadak 2""",Zee Music Company,182,5,2085742
Dhibu Ninan Thomas,"Beer Song - From ""Diesel""",Think Music,161,4,1284348
Gana Guna,"Beer Song - From ""Diesel""",Think Music,161,4,1284348
Rokesh,"Beer Song - From ""Diesel""",Think Music,161,4,1284348
KK,"Beete Lamhein Lofi Mix (From ""The Train"")",T-Series,75,52,1476128
Sachet Tandon,"Bekhayali (From ""Kabir Singh"")",T-Series,1,277,1492825
Sachet-Parampara,"Bekhayali (From ""Kabir Singh"")",T-Series,1,277,1492825
Freebot,Besos,PlayDMF,71,3,1943827
Karl Wine,Besos,PlayDMF,71,3,1943827
Rajat Nagpal,Besos,PlayDMF,71,3,1943827
Shreya Ghoshal,Besos,PlayDMF,71,3,1943827
Himesh Reshammiya,Bewajah,Sony Music / EROS Music,19,18,4085176
Aman Jaji,Bhagatt Aadmi,Punjabi Buggy,166,4,1406136
Anjali 99,Bhagatt Aadmi,Punjabi Buggy,166,4,1406136
Masoom Sharma,Bhagatt Aadmi,Punjabi Buggy,166,4,1406136
Pranjal Dahiya,Bhagatt Aadmi,Punjabi Buggy,166,4,1406136
Sumit Parta,Bhartar,Real Music Production,192,2,1280325
Dhrruv Yogi,Bhool Bhulaiyaa 3 - Title Track (feat. Pitbull),T-Series,13,11,1255531
Diljit Dosanjh,Bhool Bhulaiyaa 3 - Title Track (feat. Pitbull),T-Series,13,11,1255531
Neeraj Shridhar,Bhool Bhulaiyaa 3 - Title Track (feat. Pitbull),T-Series,13,11,1255531
Pitbull,Bhool Bhulaiyaa 3 - Title Track (feat. Pitbull),T-Series,13,11,1255531
Pritam,Bhool Bhulaiyaa 3 - Title Track (feat. Pitbull),T-Series,13,11,1255531
Sameer Anjaan,Bhool Bhulaiyaa 3 - Title Track (feat. Pitbull),T-Series,13,11,1255531
Tanishk Bagchi,Bhool Bhulaiyaa 3 - Title Track (feat. Pitbull),T-Series,13,11,1255531
Asees Kaur,"Bijuria (From ""Sunny Sanskari Ki Tulsi Kumari"")",Sony Music Entertainment India Pvt. Ltd.,167,5,1715159
Ravi Pawar,"Bijuria (From ""Sunny Sanskari Ki Tulsi Kumari"")",Sony Music Entertainment India Pvt. Ltd.,167,5,1715159
Sonu Nigam,"Bijuria (From ""Sunny Sanskari Ki Tulsi Kumari"")",Sony Music Entertainment India Pvt. Ltd.,167,5,1715159
Tanishk Bagchi,"Bijuria (From ""Sunny Sanskari Ki Tulsi Kumari"")",Sony Music Entertainment India Pvt. Ltd.,167,5,1715159
Abdul Hannan,Bikhra,2636621 Records DK,199,7,1561777
Rovalio,Bikhra,2636621 Records DK,199,7,1561777
Shafqat Amanat Ali,Bin Tere,Sony Music Entertainment India Pvt. Ltd.,189,24,1666320
Sunidhi Chauhan,Bin Tere,Sony Music Entertainment India Pvt. Ltd.,189,24,1666320
Vishal-Shekhar,Bin Tere,Sony Music Entertainment India Pvt. Ltd.,189,24,1666320
Dev Chouhan,Blender,GSC Music,192,41,3016522
Masoom Sharma,Blender,GSC Music,192,41,3016522
Pooja Saxena,Blender,GSC Music,192,41,3016522
Swara Verma,Blender,GSC Music,192,41,3016522
The Weeknd,Blinding Lights,Republic Records,4,205,1539563
Yo Yo Honey Singh,Blue Eyes,T-Series,38,51,1924559
Dj Chetas,Bol Kaffara Kya Hoga,Desi Music Factory,200,4,1896204
Farhan Sabri,Bol Kaffara Kya Hoga,Desi Music Factory,200,4,1896204
Neha Kakkar,Bol Kaffara Kya Hoga,Desi Music Factory,200,4,1896204
Gulzar,Bol Na Halke Halke,YRF Music,196,3,1296757
Mahalakshmi Iyer,Bol Na Halke Halke,YRF Music,196,3,1296757
Rahat Fateh Ali Khan,Bol Na Halke Halke,YRF Music,196,3,1296757
Shankar-Ehsaan-Loy,Bol Na Halke Halke,YRF Music,196,3,1296757
Arijit Singh,"Bolna (From ""Kapoor & Sons (Since 1921)"")",Sony Music Entertainment India Pvt. Ltd.,59,104,1550521
Asees Kaur,"Bolna (From ""Kapoor & Sons (Since 1921)"")",Sony Music Entertainment India Pvt. Ltd.,59,104,1550521
Tanishk Bagchi,"Bolna (From ""Kapoor & Sons (Since 1921)"")",Sony Music Entertainment India Pvt. Ltd.,59,104,1550521
Diljit Dosanjh,Born to Shine,FAMOUS STUDIOS INC,14,105,2626090
Ikky,Boyfriend,WM Canada,124,11,3854622
Karan Aujla,Boyfriend,WM Canada,124,11,3854622
Shubh,Buckle Up,SHUBH,125,3,1593639
Devi Sri Prasad,"Bujji Thalli (From ""Thandel"")",Aditya Music,80,18,3057746
Javed Ali,"Bujji Thalli (From ""Thandel"")",Aditya Music,80,18,3057746
Shree Mani,"Bujji Thalli (From ""Thandel"")",Aditya Music,80,18,3057746
Irshad Kamil,Bulleya,YRF Music,146,43,2835726
Papon,Bulleya,YRF Music,146,43,2835726
Vishal-Shekhar,Bulleya,YRF Music,146,43,2835726
BIG KAY SMG,C.R.E.A.M POSSE,SMG STUDIO'S,148,3,1491966
Baggh-e SMG,C.R.E.A.M POSSE,SMG STUDIO'S,148,3,1491966
Farmaan SMG,C.R.E.A.M POSSE,SMG STUDIO'S,148,3,1491966
Dabzee,CHAL,Mass Appeal,163,2,1411100
Fathima Jahaan,CHAL,Mass Appeal,163,2,1411100
Rishi Roy,CHAL,Mass Appeal,163,2,1411100
Cheema Y,California Love,Brown Town Music,27,86,1401571
Gur Sidhu,California Love,Brown Town Music,27,86,1401571
Prem Dhillon,Can't Be Us,Prem Dhillon,77,1,2192410
Sudesh Kumari,Can't Be Us,Prem Dhillon,77,1,2192410
The Kidd,Can't Be Us,Prem Dhillon,77,1,2192410
Arijit Singh,"Chahun Main Ya Naa (From ""Aashiqui 2"")",T-Series,108,107,1800886
Palak Muchhal,"Chahun Main Ya Naa (From ""Aashiqui 2"")",T-Series,108,107,1800886
Amaal Mallik,"Chale Aana (From ""De De Pyaar De"")",T-Series,18,137,1716040
Armaan Malik,"Chale Aana (From ""De De Pyaar De"")",T-Series,18,137,1716040
Kunaal Vermaa,"Chale Aana (From ""De De Pyaar De"")",T-Series,18,137,1716040
Anirudh Ravichander,Chaleya,T-Series,1,96,1711334
Arijit Singh,Chaleya,T-Series,1,96,1711334
Kumaar,Chaleya,T-Series,1,96,1711334
Shilpa Rao,Chaleya,T-Series,1,96,1711334
Masoom Sharma,Chambal K Dakku,Bajewala Records,115,34,2605984
Rahul Muana,Chambal K Dakku,Bajewala Records,115,34,2605984
Ruba Khan,Chambal K Dakku,Bajewala Records,115,34,2605984
Swara Verma,Chambal K Dakku,Bajewala Records,115,34,2605984
Akon,Chammak Challo,T-Series,105,60,1465691
Hamsika Iyer,Chammak Challo,T-Series,105,60,1465691
Niranjan Iyengar,Chammak Challo,T-Series,105,60,1465691
Vishal Dadlani,Chammak Challo,T-Series,105,60,1465691
Vishal-Shekhar,Chammak Challo,T-Series,105,60,1465691
Jatin-Lalit,Chand Sifarish,YRF Music,98,68,1499981
Kailash Kher,Chand Sifarish,YRF Music,98,68,1499981
Prasoon Joshi,Chand Sifarish,YRF Music,98,68,1499981
Shaan,Chand Sifarish,YRF Music,98,68,1499981
Arijit Singh,Channa Mereya,Sony Music Entertainment India Pvt. Ltd.,58,221,1378173
Pritam,Channa Mereya,Sony Music Entertainment India Pvt. Ltd.,58,221,1378173
Akhil Sachdeva,"Channa Ve - From ""Bhoot - Part One: The Haunted Ship""",Zee Music Company,33,82,1660604
Mansheel Gujral,"Channa Ve - From ""Bhoot - Part One: The Haunted Ship""",Zee Music Company,33,82,1660604
Amrita Kak,Character Dheela,T-Series,188,4,1382056
Neeraj Shridhar,Character Dheela,T-Series,188,4,1382056
Pritam,Character Dheela,T-Series,188,4,1382056
Paradox,Check It Out,SDA Studios,19,66,1267619
Parmish Verma,Check It Out,SDA Studios,19,66,1267619
Shubh,Cheques,SHUBH,1,128,2665646
Anirudh Ravichander,Chikitu,Sun Pictures,130,5,2084343
Arivu,Chikitu,Sun Pictures,130,5,2084343
T. Rajendar,Chikitu,Sun Pictures,130,5,2084343
Anirudh Ravichander,"Chikitu (From ""Coolie"") (Tamil)",Sun Pictures,195,1,1342838
Arivu,"Chikitu (From ""Coolie"") (Tamil)",Sun Pictures,195,1,1342838
T. Rajendar,"Chikitu (From ""Coolie"") (Tamil)",Sun Pictures,195,1,1342838
Ajay-Atul,Chikni Chameli,Sony Music Entertainment India Pvt. Ltd.,194,1,1309112
Shreya Ghoshal,Chikni Chameli,Sony Music Entertainment India Pvt. Ltd.,194,1,1309112
Hanan Shaah,Chirapunji - From Saina Music Indie,Saina Music Indie,117,3,1953746
Nihal Sadiq,Chirapunji - From Saina Music Indie,Saina Music Indie,117,3,1953746
The Local Train,Choo Lo,The Local Train,49,84,1340946
Abhijeet,Chunnari Chunnari,Tips Industries Ltd,187,1,1331826
Anuradha Sriram,Chunnari Chunnari,Tips Industries Ltd,187,1,1331826
Kanika Kapoor,Churake,Universal Music India Pvt Ltd.,174,2,1293035
Vilen,Churake,Universal Music India Pvt Ltd.,174,2,1293035
Anirudh Ravichander,"Chuttamalle (From ""Devara Part 1"")",T-Series,4,63,2948251
Ramajogayya Sastry,"Chuttamalle (From ""Devara Part 1"")",T-Series,4,63,2948251
Shilpa Rao,"Chuttamalle (From ""Devara Part 1"")",T-Series,4,63,2948251
Cheema Y,Convo,Collab Creations Ltd,186,3,1394830
Chinna,Convo,Collab Creations Ltd,186,3,1394830
Gur Sidhu,Convo,Collab Creations Ltd,186,3,1394830
Anirudh Ravichander,Coolie Disco,Sun Pictures,171,1,1430141
Karan Aujla,Courtside,Karan Aujla Music,13,18,3377052
Signature By SB,Courtside,Karan Aujla Music,13,18,3377052
The Weeknd,Cry For Me,XO / Republic Records,185,10,1422945
Cheema Y,DXB,Brown Town Music,70,3,2183357
Gur Sidhu,DXB,Brown Town Music,70,3,2183357
Ikky,Daytona,WM Canada,102,3,1835730
Karan Aujla,Daytona,WM Canada,102,3,1835730
Javed Ali,Deewana Kar Raha Hai,T-Series,164,29,2084218
Bir,Deewane,Universal Music India Pvt Ltd.,139,2,1647634
Navaan Sandhu,Deewane,Universal Music India Pvt Ltd.,139,2,1647634
Kaushik-Guddu,"Deewaniyat (From ""Ek Deewane Ki Deewaniyat"") (Original Motion Picture Soundtrack)",PlayDMF,123,9,5643061
Kunaal Vermaa,"Deewaniyat (From ""Ek Deewane Ki Deewaniyat"") (Original Motion Picture Soundtrack)",PlayDMF,123,9,5643061
Vishal Mishra,"Deewaniyat (From ""Ek Deewane Ki Deewaniyat"") (Original Motion Picture Soundtrack)",PlayDMF,123,9,5643061
Jaani,"Dekhha Tenu (From ""Mr. And Mrs. Mahi"")",Sony Music Entertainment India Pvt. Ltd.,2,71,2686428
Mohammad Faiz,"Dekhha Tenu (From ""Mr. And Mrs. Mahi"")",Sony Music Entertainment India Pvt. Ltd.,2,71,2686428
Talha Anjum,Departure Lane,Mass Appeal,124,9,1906748
Umair,Departure Lane,Mass Appeal,124,9,1906748
Yo Yo Honey Singh,Desi Kalakaar,T-Series,13,91,2036547
Ajay Gogavale,Deva Shree Ganesha,Sony Music Entertainment India Pvt. Ltd.,23,10,2216196
Ajay-Atul,Deva Shree Ganesha,Sony Music Entertainment India Pvt. Ltd.,23,10,2216196
Aanchal Tyagi,Dhak Dhak,Universal Music India Pvt Ltd.,185,1,1316187
Abhijeet Srivastava,Dhak Dhak,Universal Music India Pvt Ltd.,185,1,1316187
Raga,Dhak Dhak,Universal Music India Pvt Ltd.,185,1,1316187
Rusha & Blizza,Dhak Dhak,Universal Music India Pvt Ltd.,185,1,1316187
Altamash Faridi,"Dhoonde Akhiyaan - From ""Jabariya Jodi""",Zee Music Company,65,8,1303717
Rashmi Virag,"Dhoonde Akhiyaan - From ""Jabariya Jodi""",Zee Music Company,65,8,1303717
Yasser Desai,"Dhoonde Akhiyaan - From ""Jabariya Jodi""",Zee Music Company,65,8,1303717
Arijit Singh,"Dhun (From ""Saiyaara"")",YRF Music,5,16,9409254
Mithoon,"Dhun (From ""Saiyaara"")",YRF Music,5,16,9409254
Dropped Out,Dhundhala,Universal Music India Pvt. Ltd. (on behalf of Yashraj),39,19,2081694
Talwiinder,Dhundhala,Universal Music India Pvt. Ltd. (on behalf of Yashraj),39,19,2081694
Yashraj,Dhundhala,Universal Music India Pvt. Ltd. (on behalf of Yashraj),39,19,2081694
Babu Singh Maan,"Dhurandhar - Title Track (From ""Dhurandhar"")",Saregama India Ltd,141,3,2231319
Charanjit Ahuja,"Dhurandhar - Title Track (From ""Dhurandhar"")",Saregama India Ltd,141,3,2231319
Hanumankind,"Dhurandhar - Title Track (From ""Dhurandhar"")",Saregama India Ltd,141,3,2231319
Jasmine Sandlas,"Dhurandhar - Title Track (From ""Dhurandhar"")",Saregama India Ltd,141,3,2231319
Muhammad Sadiq,"Dhurandhar - Title Track (From ""Dhurandhar"")",Saregama India Ltd,141,3,2231319
Ranjit Kaur,"Dhurandhar - Title Track (From ""Dhurandhar"")",Saregama India Ltd,141,3,2231319
Shashwat Sachdev,"Dhurandhar - Title Track (From ""Dhurandhar"")",Saregama India Ltd,141,3,2231319
Sudhir Yaduvanshi,"Dhurandhar - Title Track (From ""Dhurandhar"")",Saregama India Ltd,141,3,2231319
Bruno Mars,Die With A Smile,Interscope,4,58,5480132
Lady Gaga,Die With A Smile,Interscope,4,58,5480132
Atif Aslam,Dil Diyan Gallan,YRF Music,53,299,2631003
KK,Dil Ibaadat,Sony Music Entertainment India Pvt. Ltd.,54,46,2093370
Pritam,Dil Ibaadat,Sony Music Entertainment India Pvt. Ltd.,54,46,2093370
Abhijeet,Dil Kaa Jo Haal Hai,T-Series,98,12,2602746
Shreya Ghoshal,Dil Kaa Jo Haal Hai,T-Series,98,12,2602746
AP Dhillon,Dil Nu,RUN-UP RECORDS,33,94,2282478
Shinda Kahlon,Dil Nu,RUN-UP RECORDS,33,94,2282478
Akashdeep Sengupta,"Dil Se Dil Tak (From ""Bawaal"")",T-Series,38,37,1319540
Kausar Munir,"Dil Se Dil Tak (From ""Bawaal"")",T-Series,38,37,1319540
Laqshay Kapoor,"Dil Se Dil Tak (From ""Bawaal"")",T-Series,38,37,1319540
Suvarna Tiwari,"Dil Se Dil Tak (From ""Bawaal"")",T-Series,38,37,1319540
Chet Singh,Dil Tu Jaan Tu,Jhankar Music,14,55,1690817
Gurnazar,Dil Tu Jaan Tu,Jhankar Music,14,55,1690817
Amitabh Bhattacharya,"Dilbar Ki Aankhon Ka (From ""Thamma"") [Feat. Nora Fatehi]",T-Series,126,3,1884714
Jigar Saraiya,"Dilbar Ki Aankhon Ka (From ""Thamma"") [Feat. Nora Fatehi]",T-Series,126,3,1884714
Rashmeet Kaur,"Dilbar Ki Aankhon Ka (From ""Thamma"") [Feat. Nora Fatehi]",T-Series,126,3,1884714
Sachin-Jigar,"Dilbar Ki Aankhon Ka (From ""Thamma"") [Feat. Nora Fatehi]",T-Series,126,3,1884714
Jin,Don’t Say You Love Me,BIGHIT MUSIC,141,1,1487878
Meghdeep Bose,Dooron Dooron,Paresh Pahuja,166,5,2902083
Paresh Pahuja,Dooron Dooron,Paresh Pahuja,166,5,2902083
Shiv Tandan,Dooron Dooron,Paresh Pahuja,166,5,2902083
Abhijit Vaghani,"Duniyaa (From ""Luka Chuppi"")",T-Series,1,311,1445032
Akhil,"Duniyaa (From ""Luka Chuppi"")",T-Series,1,311,1445032
Dhvani Bhanushali,"Duniyaa (From ""Luka Chuppi"")",T-Series,1,311,1445032
Kunaal Vermaa,"Duniyaa (From ""Luka Chuppi"")",T-Series,1,311,1445032
Duha Shah,Ehsaas,Universal Music India Pvt Ltd.,160,18,4633772
Faheem Abdullah,Ehsaas,Universal Music India Pvt Ltd.,160,18,4633772
Hyder Dar,Ehsaas,Universal Music India Pvt Ltd.,160,18,4633772
Vaibhav Pani,Ehsaas,Universal Music India Pvt Ltd.,160,18,4633772
Javed Ali,Ek Din Teri Raahon,Tips Industries Ltd,185,3,1437672
Pritam,Ek Din Teri Raahon,Tips Industries Ltd,185,3,1437672
Masoom Sharma,Ek Khtola Jail Ke Bhitar,Ankit Baliyan,169,10,1990209
A.R. Rahman,Enna Sona,Sony Music Entertainment India Pvt. Ltd.,34,161,1476714
Arijit Singh,Enna Sona,Sony Music Entertainment India Pvt. Ltd.,34,161,1476714
Sabrina Carpenter,Espresso,Island Records,26,53,1604911
AP Dhillon,Excuses,RUN-UP RECORDS,1,205,1966488
Gurinder Gill,Excuses,RUN-UP RECORDS,1,205,1966488
Intense,Excuses,RUN-UP RECORDS,1,205,1966488
Aditya Rikhari,Faasle,CollabX Productions,123,37,1481984
Shubh,Fell For You,SHUBH,179,41,2655959
Bharath,Finding Her,EYP Creations,66,35,9124718
Kushagra,Finding Her,EYP Creations,66,35,9124718
Saaheal,Finding Her,EYP Creations,66,35,9124718
Deepak Blue,"Firestorm (From ""They Call Him OG"")",Sony Music Entertainment India Pvt. Ltd.,179,10,2210927
Raja Kumari,"Firestorm (From ""They Call Him OG"")",Sony Music Entertainment India Pvt. Ltd.,179,10,2210927
Silambarasan TR,"Firestorm (From ""They Call Him OG"")",Sony Music Entertainment India Pvt. Ltd.,179,10,2210927
Thaman S,"Firestorm (From ""They Call Him OG"")",Sony Music Entertainment India Pvt. Ltd.,179,10,2210927
Ikky,For A Reason,WM Canada,15,11,8405250
Karan Aujla,For A Reason,WM Canada,15,11,8405250
Diljit Dosanjh,G.O.A.T.,FAMOUS STUDIOS INC,1,58,1487779
THOUGHT,Gaadi 150,Big Wave Music,186,19,2726659
Vikram Sarkar,Gaadi 150,Big Wave Music,186,19,2726659
Ashu Twinkle,Gabbar Bhi Nachega,Masoom Sharma,163,4,1413503
Harry Lather,Gabbar Bhi Nachega,Masoom Sharma,163,4,1413503
Masoom Sharma,Gabbar Bhi Nachega,Masoom Sharma,163,4,1413503
Nidhi Sharma,Gabbar Bhi Nachega,Masoom Sharma,163,4,1413503
Pinna Music,Gabbar Bhi Nachega,Masoom Sharma,163,4,1413503
Arjan Dhillon,Gears,Panj-aab Records,197,2,1263395
Mxrci,Gears,Panj-aab Records,197,2,1263395
Harsh Sandhu,Gentleman 2,Global Music Junction,112,8,1878896
Masoom Sharma,Gentleman 2,Global Music Junction,112,8,1878896
Anirudh Ravichander,"God Bless U (From ""Good Bad Ugly"")",T-Series,125,3,1589720
G. V. Prakash,"God Bless U (From ""Good Bad Ugly"")",T-Series,125,3,1589720
Paal Dabba,"God Bless U (From ""Good Bad Ugly"")",T-Series,125,3,1589720
Rokesh,"God Bless U (From ""Good Bad Ugly"")",T-Series,125,3,1589720
Badshah,God Damn,Universal Music India Pvt Ltd.,15,59,1665979
Hiten,God Damn,Universal Music India Pvt Ltd.,15,59,1665979
Karan Aujla,God Damn,Universal Music India Pvt Ltd.,15,59,1665979
Bhaskarabhatla,"Godari Gattu Meedha (From ""Sankranthiki Vasthunam"")",T-Series,189,12,2350490
Bheems Ceciroleo,"Godari Gattu Meedha (From ""Sankranthiki Vasthunam"")",T-Series,189,12,2350490
Madhupriya,"Godari Gattu Meedha (From ""Sankranthiki Vasthunam"")",T-Series,189,12,2350490
Ramana Gogula,"Godari Gattu Meedha (From ""Sankranthiki Vasthunam"")",T-Series,189,12,2350490
Arivu,"Golden Sparrow (From ""Nilavuku En Mel Ennadi Kobam"")",Wunderbar Films,75,24,1465630
Dhanush,"Golden Sparrow (From ""Nilavuku En Mel Ennadi Kobam"")",Wunderbar Films,75,24,1465630
G. V. Prakash,"Golden Sparrow (From ""Nilavuku En Mel Ennadi Kobam"")",Wunderbar Films,75,24,1465630
Sublahshini,"Golden Sparrow (From ""Nilavuku En Mel Ennadi Kobam"")",Wunderbar Films,75,24,1465630
Sanam,Gulabi Aankhen,Universal Music India Pvt Ltd.,103,48,1671405
G-SPXRK,Gulabi Sadi,Sanjay Rathod,11,28,1506349
Sanju Rathod,Gulabi Sadi,Sanjay Rathod,11,28,1506349
Masoom Sharma,Gundey Dore Pe,Rajak Media Entertainment,162,2,1420530
Sachin Jaat,Gundey Dore Pe,Rajak Media Entertainment,162,2,1420530
Swara Verma,Gundey Dore Pe,Rajak Media Entertainment,162,2,1420530
Harsha Darivemula,"Guns and Roses (From ""They Call Him OG"")",Sony Music Entertainment India Pvt. Ltd.,161,3,2076397
Thaman S,"Guns and Roses (From ""They Call Him OG"")",Sony Music Entertainment India Pvt. Ltd.,161,3,2076397
Agaazz,"Guzaara (From ""Baaghi 4"")",T-Series,142,7,2552753
Bunty Bains,"Guzaara (From ""Baaghi 4"")",T-Series,142,7,2552753
Jagdeep Warring,"Guzaara (From ""Baaghi 4"")",T-Series,142,7,2552753
Josh Brar,"Guzaara (From ""Baaghi 4"")",T-Series,142,7,2552753
Kumaar,"Guzaara (From ""Baaghi 4"")",T-Series,142,7,2552753
Parampara Tandon,"Guzaara (From ""Baaghi 4"")",T-Series,142,7,2552753
Salamat Ali Matoi,"Guzaara (From ""Baaghi 4"")",T-Series,142,7,2552753
Javed Ali,Guzarish,T-Series,148,42,1872220
Ikky,HIM.,WM Canada,98,10,1950581
Karan Aujla,HIM.,WM Canada,98,10,1950581
Himesh Reshammiya,Haal-E-Dil - Female,Sony Music / EROS Music,151,2,1554203
Neeti Mohan,Haal-E-Dil - Female,Sony Music / EROS Music,151,2,1554203
Kausar Munir,Haan Ke Haan,YRF Music,9,45,1953028
Monali Thakur,Haan Ke Haan,YRF Music,9,45,1953028
Sohail Sen,Haan Ke Haan,YRF Music,9,45,1953028
KK,Haan Tu Hain,Sony Music Entertainment India Pvt. Ltd.,115,3,1287844
Pritam,Haan Tu Hain,Sony Music Entertainment India Pvt. Ltd.,115,3,1287844
Cheema Y,Haji Mastan,Brown Town Music,91,2,1975306
Gur Sidhu,Haji Mastan,Brown Town Music,91,2,1975306
Jasmeen Akhtar,Haji Mastan,Brown Town Music,91,2,1975306
Harshit Saxena,Hale Dil,T-Series,98,53,2161764
Arijit Singh,Hamari Adhuri Kahani (Title Track),Sony Music Entertainment India Pvt. Ltd.,56,207,1756622
Jeet Gannguli,Hamari Adhuri Kahani (Title Track),Sony Music Entertainment India Pvt. Ltd.,56,207,1756622
Rashmi Virag,Hamari Adhuri Kahani (Title Track),Sony Music Entertainment India Pvt. Ltd.,56,207,1756622
NDS,Haseen,Talwiinder,188,23,5962988
Rippy Grewal,Haseen,Talwiinder,188,23,5962988
Talwiinder,Haseen,Talwiinder,188,23,5962988
Ami Mishra,Hasi - Male Version,Sony Music Entertainment India Pvt. Ltd.,77,123,2163438
Kunaal Vermaa,Hasi - Male Version,Sony Music Entertainment India Pvt. Ltd.,77,123,2163438
Diljit Dosanjh,Hass Hass,Warner Music India,5,58,1312420
Greg Kurstin,Hass Hass,Warner Music India,5,58,1312420
Sia,Hass Hass,Warner Music India,5,58,1312420
Arijit Singh,Hawayein,Sony Music Entertainment India Pvt. Ltd.,51,213,2178247
Pritam,Hawayein,Sony Music Entertainment India Pvt. Ltd.,51,213,2178247
Glass Animals,Heat Waves,Polydor Records,3,129,1532941
Ali & Shjr,Heer,Freebird Records,133,7,2931370
Ali Raza,Heer,Freebird Records,133,7,2931370
Haider Ali,Heer,Freebird Records,133,7,2931370
Arijit Singh,Heeriye (feat. Arijit Singh),Warner Music India,1,112,2350752
Dulquer Salmaan,Heeriye (feat. Arijit Singh),Warner Music India,1,112,2350752
Jasleen Royal,Heeriye (feat. Arijit Singh),Warner Music India,1,112,2350752
G. V. Prakash,Hey Minnale,Saregama India Ltd,10,16,1832386
Haricharan,Hey Minnale,Saregama India Ltd,10,16,1832386
Karthik Netha,Hey Minnale,Saregama India Ltd,10,16,1832386
Shweta Mohan,Hey Minnale,Saregama India Ltd,10,16,1832386
Jind Universe,High On You,Sony Music India / Nine,191,18,3394584
Atif Aslam,Hona Tha Pyar,Tips Industries Ltd,155,28,2198013
Hadiqa Kiani,Hona Tha Pyar,Tips Industries Ltd,155,28,2198013
Manoj Muntashir,"Hua Main (From ""ANIMAL"")",T-Series,6,71,1440161
Pritam,"Hua Main (From ""ANIMAL"")",T-Series,6,71,1440161
Raghav Chaitanya,"Hua Main (From ""ANIMAL"")",T-Series,6,71,1440161
Arijit Singh,"Humdard (From ""Ek Villain"")",T-Series,24,277,4059722
Jubin Nautiyal,Humnava Mere,T-Series,66,155,1582305
Manoj Muntashir,Humnava Mere,T-Series,66,155,1582305
Akhil Sachdeva,"Humsafar (From ""Badrinath Ki Dulhania"")",T-Series,70,94,2324418
Mansheel Gujral,"Humsafar (From ""Badrinath Ki Dulhania"")",T-Series,70,94,2324418
Irshad Kamil,"Humsafar (From ""Saiyaara"")",YRF Music,11,16,8260495
Parampara Tandon,"Humsafar (From ""Saiyaara"")",YRF Music,11,16,8260495
Prashant Pandey,"Humsafar (From ""Saiyaara"")",YRF Music,11,16,8260495
Sachet Tandon,"Humsafar (From ""Saiyaara"")",YRF Music,11,16,8260495
Sachet-Parampara,"Humsafar (From ""Saiyaara"")",YRF Music,11,16,8260495
Raghu Ram,"Hungry Cheetah (From ""They Call Him OG"")",Sony Music Entertainment India Pvt. Ltd.,181,1,1385812
Thaman S,"Hungry Cheetah (From ""They Call Him OG"")",Sony Music Entertainment India Pvt. Ltd.,181,1,1385812
Anuv Jain,Husn,Universal Music India Pvt. Ltd. (on behalf of Anuv Jain),1,101,2998411
Anirudh Ravichander,I Am The Danger,Sun Pictures,138,1,1541134
Heisenberg,I Am The Danger,Sun Pictures,138,1,1541134
Siddharth Basrur,I Am The Danger,Sun Pictures,138,1,1541134
Ikky,I Really Do...,WM Canada,56,11,2561628
Karan Aujla,I Really Do...,WM Canada,56,11,2561628
Arctic Monkeys,I Wanna Be Yours,Domino Recording Co,48,156,1639916
Ikky,I'ma Do My Thiiing,WM Canada,191,1,1365007
Karan Aujla,I'ma Do My Thiiing,WM Canada,191,1,1365007
Arijit Singh,Ilahi,T-Series,185,32,1708850
Pritam,Ilahi,T-Series,185,32,1708850
Dabzee,Illuminati,Think Music,3,44,1696465
Sushin Shyam,Illuminati,Think Music,3,44,1696465
Vinayak Sasikumar,Illuminati,Think Music,3,44,1696465
Amir Ameer,Ishq,Artiste First,2,84,6922782
Faheem Abdullah,Ishq,Artiste First,2,84,6922782
Rauhan Malik,Ishq,Artiste First,2,84,6922782
Dhanda Nyoliwala,Ishq Bawla | Coke Studio Bharat,Universal Music India Pvt Ltd.,133,2,1489318
Xvir Grewal,Ishq Bawla | Coke Studio Bharat,Universal Music India Pvt Ltd.,133,2,1489318
Sanam Puri,Ishq Bulaava,Sony Music Entertainment India Pvt. Ltd.,119,32,2777853
Shipra Goyal,Ishq Bulaava,Sony Music Entertainment India Pvt. Ltd.,119,32,2777853
Vishal-Shekhar,Ishq Bulaava,Sony Music Entertainment India Pvt. Ltd.,119,32,2777853
Diljit Dosanjh,Ishq Di Baajiyaan,Sony Music Entertainment India Pvt. Ltd.,137,63,2383365
Shankar-Ehsaan-Loy,Ishq Di Baajiyaan,Sony Music Entertainment India Pvt. Ltd.,137,63,2383365
Amarabha Banerjee,Ishq Hai,Netflix Music,2,47,8176320
Anurag Saikia,Ishq Hai,Netflix Music,2,47,8176320
Madhubanti Bagchi,Ishq Hai,Netflix Music,2,47,8176320
Mismatched - Cast,Ishq Hai,Netflix Music,2,47,8176320
Raj Shekhar,Ishq Hai,Netflix Music,2,47,8176320
Romy,Ishq Hai,Netflix Music,2,47,8176320
Varun Jain,Ishq Hai,Netflix Music,2,47,8176320
Amitabh Bhattacharya,"Ishq Mein (From ""Nadaaniyan"")",Sony Music Entertainment India Pvt. Ltd.,68,1,1861296
Asees Kaur,"Ishq Mein (From ""Nadaaniyan"")",Sony Music Entertainment India Pvt. Ltd.,68,1,1861296
Sachet Tandon,"Ishq Mein (From ""Nadaaniyan"")",Sony Music Entertainment India Pvt. Ltd.,68,1,1861296
Sachin-Jigar,"Ishq Mein (From ""Nadaaniyan"")",Sony Music Entertainment India Pvt. Ltd.,68,1,1861296
Amitabh Bhattacharya,"Ishq Mein - From ""Nadaaniyan""",Sony Music Entertainment India Pvt. Ltd.,60,6,1961322
Asees Kaur,"Ishq Mein - From ""Nadaaniyan""",Sony Music Entertainment India Pvt. Ltd.,60,6,1961322
Sachet Tandon,"Ishq Mein - From ""Nadaaniyan""",Sony Music Entertainment India Pvt. Ltd.,60,6,1961322
Sachin-Jigar,"Ishq Mein - From ""Nadaaniyan""",Sony Music Entertainment India Pvt. Ltd.,60,6,1961322
Kamal Khan,Ishq Sufiyana (Male),T-Series,79,50,2186098
Vishal-Shekhar,Ishq Sufiyana (Male),T-Series,79,50,2186098
Neeti Mohan,Ishq Wala Love,Sony Music Entertainment India Pvt. Ltd.,100,85,1436310
Salim Merchant,Ishq Wala Love,Sony Music Entertainment India Pvt. Ltd.,100,85,1436310
Shekhar Ravjiani,Ishq Wala Love,Sony Music Entertainment India Pvt. Ltd.,100,85,1436310
Vishal-Shekhar,Ishq Wala Love,Sony Music Entertainment India Pvt. Ltd.,100,85,1436310
Lata Mangeshkar,Itna Na Mujhse Tu Pyar Badha,Saregama India Ltd,182,7,1574719
Talat Mahmood,Itna Na Mujhse Tu Pyar Badha,Saregama India Ltd,182,7,1574719
Antara Mitra,"Itni Si Baat Hain (From ""Azhar"")",T-Series,144,56,2746008
Arijit Singh,"Itni Si Baat Hain (From ""Azhar"")",T-Series,144,56,2746008
Manoj Yadav,"Itni Si Baat Hain (From ""Azhar"")",T-Series,144,46,2080445
Pritam,"Itni Si Baat Hain (From ""Azhar"")",T-Series,144,52,2194602
Maan Panu,I’m Done. - I-Popstar: Vol. 1,Warner Music India,54,2,4834448
Asees Kaur,"Jaan Ban Gaye - From ""Khuda Haafiz""",Zee Music Company,72,71,1352175
Mithoon,"Jaan Ban Gaye - From ""Khuda Haafiz""",Zee Music Company,72,71,1352175
Vishal Mishra,"Jaan Ban Gaye - From ""Khuda Haafiz""",Zee Music Company,72,71,1352175
Aditya Rikhari,"Jaana Samjho Na (From ""Bhool Bhulaiyaa 3"")",T-Series,9,53,3696477
Lijo George-Dj Chetas,"Jaana Samjho Na (From ""Bhool Bhulaiyaa 3"")",T-Series,9,53,3696477
Tulsi Kumar,"Jaana Samjho Na (From ""Bhool Bhulaiyaa 3"")",T-Series,9,53,3696477
Vishal Mishra,"Jaanam (From ""Bad Newz"")",Saregama India Ltd,7,28,1464288
Bhoomi,Jaane Na Tu,EYP Creations,156,7,2286871
Naaz,Jaane Na Tu,EYP Creations,156,7,2286871
Saaheal,Jaane Na Tu,EYP Creations,156,7,2286871
A.R. Rahman,"Jaane Tu (From ""Chhaava"")",Sony Music Entertainment India Pvt. Ltd.,103,4,1974859
Arijit Singh,"Jaane Tu (From ""Chhaava"")",Sony Music Entertainment India Pvt. Ltd.,103,4,1974859
Irshad Kamil,"Jaane Tu (From ""Chhaava"")",Sony Music Entertainment India Pvt. Ltd.,103,4,1974859
Ajay Bhagta,Jaat Intro (feat. Pranjal Dahiya),Sky Digital,104,8,1980758
Kb Dhull,Jaat Intro (feat. Pranjal Dahiya),Sky Digital,104,8,1980758
Manisha Sharma,Jaat Intro (feat. Pranjal Dahiya),Sky Digital,104,8,1980758
Pranjal Dahiya,Jaat Intro (feat. Pranjal Dahiya),Sky Digital,104,8,1980758
Monty Sharma,Jab Se Tere Naina,Sony Music Entertainment India Pvt. Ltd.,190,3,1419752
Shaan,Jab Se Tere Naina,Sony Music Entertainment India Pvt. Ltd.,190,3,1419752
Gurpreet Saini,"Jab Tu Sajan (From ""Aap Jaisa Koi"")",Netflix Music LLC / Sony Music Entertainment India Pvt. Ltd.,192,1,1347450
Mohit Chauhan,"Jab Tu Sajan (From ""Aap Jaisa Koi"")",Netflix Music LLC / Sony Music Entertainment India Pvt. Ltd.,192,1,1347450
Rochak Kohli,"Jab Tu Sajan (From ""Aap Jaisa Koi"")",Netflix Music LLC / Sony Music Entertainment India Pvt. Ltd.,192,1,1347450
Rashmeet Kaur,"Janiye (from the Netflix Film ""Chor Nikal Ke Bhaga"")",Netflix Music,5,122,2101350
Vishal Mishra,"Janiye (from the Netflix Film ""Chor Nikal Ke Bhaga"")",Netflix Music,5,122,2101350
Atif Aslam,Jeena Jeena,Sony Music / EROS Music,29,215,2895801
Sachin-Jigar,Jeena Jeena,Sony Music / EROS Music,29,215,2895801
Atif Aslam,Jeene Laga Hoon,Tips Music Limited,62,61,2468437
Sachin-Jigar,Jeene Laga Hoon,Tips Music Limited,62,61,2468437
Shreya Ghoshal,Jeene Laga Hoon,Tips Music Limited,62,61,2468437
Annural Khalid,Jhol,Giraffe Music,95,21,9203336
Maanu,Jhol,Giraffe Music,95,21,9203336
Abdullah Siddiqui,Jhol - Acoustic,Maanu,132,29,3660815
Annural Khalid,Jhol - Acoustic,Maanu,132,29,3660815
Maanu,Jhol - Acoustic,Maanu,132,29,3660815
Athar Hayat,"Jhoom Sharaabi (From ""De De Pyaar De 2"")",T-Series,197,1,1351654
Sameer Hayat,"Jhoom Sharaabi (From ""De De Pyaar De 2"")",T-Series,197,1,1351654
Yo Yo Honey Singh,"Jhoom Sharaabi (From ""De De Pyaar De 2"")",T-Series,197,1,1351654
Jeet Gannguli,Jo Tere Sang,Sony Music Entertainment India Pvt. Ltd.,179,27,2888079
Mustafa Zahid,Jo Tere Sang,Sony Music Entertainment India Pvt. Ltd.,179,27,2888079
Anuv Jain,Jo Tum Mere Ho,Universal Music India Pvt. Ltd. (on behalf of Anuv Jain),1,65,6734459
Shreya Ghoshal,"Jugraafiya - From ""Super 30""",Zee Music Company,57,41,3508430
Udit Narayan,"Jugraafiya - From ""Super 30""",Zee Music Company,57,41,3508430
Neha Bhasin,Jutti Meri (Live),Neha Bhasin,115,7,2555258
Desi Crew,Kaali Activa - Pind De Gerhe,T-Series,194,2,1295708
Narinder Batth,Kaali Activa - Pind De Gerhe,T-Series,194,2,1295708
Rupinder Handa,Kaali Activa - Pind De Gerhe,T-Series,194,2,1295708
Arijit Singh,"Kabhi Jo Baadal Barse (From ""Jackpot)",T-Series,196,5,1427445
Rashid Ali,Kabhi Kabhi Aditi,T-Series,58,152,1540496
Pritam,Kabira,T-Series,31,321,2232115
Rekha Bhardwaj,Kabira,T-Series,31,321,2232115
Tochi Raina,Kabira,T-Series,31,321,2232115
Kaifi Khalil,Kahani Suno 2.0,Kaifi Khalil,1,129,1733015
Amir Jamal,"Kaho Na Kaho - From ""Murder""",Vishesh Films,116,6,2070764
Anu Malik,"Kaho Na Kaho - From ""Murder""",Vishesh Films,116,6,2070764
Manoj Muntashir,"Kaise Hua (From ""Kabir Singh"")",T-Series,5,334,2660676
Vishal Mishra,"Kaise Hua (From ""Kabir Singh"")",T-Series,5,334,2660676
Arijit Singh,Kalank - Title Track,Zee Music Company,5,291,1813439
Pritam,Kalank - Title Track,Zee Music Company,5,291,1813439
Santhosh Narayanan,"Kanimaa (From ""Retro"")",T-Series,199,19,3007342
The Indian Choral Ensemble,"Kanimaa (From ""Retro"")",T-Series,199,19,3007342
Vivek,"Kanimaa (From ""Retro"")",T-Series,199,19,3007342
Harinarayanan,Kanmanipoove,Sony Music Entertainment India Pvt. Ltd.,158,5,1393571
Jakes Bejoy,Kanmanipoove,Sony Music Entertainment India Pvt. Ltd.,158,5,1393571
M. G. Sreekumar,Kanmanipoove,Sony Music Entertainment India Pvt. Ltd.,158,5,1393571
Harinarayanan,"Kanmanipoove (From ""Thudarum"")",Sony Music Entertainment India Pvt. Ltd.,158,1,1370765
Jakes Bejoy,"Kanmanipoove (From ""Thudarum"")",Sony Music Entertainment India Pvt. Ltd.,158,1,1370765
M. G. Sreekumar,"Kanmanipoove (From ""Thudarum"")",Sony Music Entertainment India Pvt. Ltd.,158,1,1370765
Santhosh Narayanan,"Kannadi Poove (From ""Retro"")",T-Series,199,15,2368856
Vivek,"Kannadi Poove (From ""Retro"")",T-Series,199,15,2368856
Job Kurian,Kannodu - Live,Job Kurian Productions,200,3,1361334
Mridula Warrier,Kannodu - Live,Job Kurian Productions,200,3,1361334
Adesh Krishna,Kannukulla,Think Music,190,1,1338579
Jonita Gandhi,Kannukulla,Think Music,190,1,1338579
Sai Abhyankkar,Kannukulla,Think Music,190,1,1338579
Ashish Bhatia,Kashish,Sony Music India / Nine,48,7,4886256
Kashish Ratnani,Kashish,Sony Music India / Nine,48,7,4886256
Omkar Singh,Kashish,Sony Music India / Nine,48,7,4886256
Arijit Singh,"Kasturi (From ""Amar Prem Ki Prem Kahani"")",Times Music,65,30,1966575
Kunaal Vermaa,"Kasturi (From ""Amar Prem Ki Prem Kahani"")",Times Music,65,30,1966575
Prasad S,"Kasturi (From ""Amar Prem Ki Prem Kahani"")",Times Music,65,30,1966575
Sai Abhyankkar,"Katchi Sera - From ""Think Indie""",Think Music,6,48,1334052
Palak Muchhal,"Kaun Tujhe (From ""M.S.Dhoni - The Untold Story"")",T-Series,57,44,1264659
Amitabh Bhattacharya,Kesariya,Sony Music Entertainment India Pvt. Ltd.,1,172,1954914
Arijit Singh,Kesariya,Sony Music Entertainment India Pvt. Ltd.,1,172,1954914
Pritam,Kesariya,Sony Music Entertainment India Pvt. Ltd.,1,172,1954914
Arijit Singh,Khairiyat,T-Series,1,272,1256738
Pritam,Khairiyat,T-Series,1,272,1256738
Arijit Singh,Khamoshiyan,Sony Music Entertainment India Pvt. Ltd.,90,80,1423173
Jeet Gannguli,Khamoshiyan,Sony Music Entertainment India Pvt. Ltd.,90,80,1423173
Rashmi Virag,Khamoshiyan,Sony Music Entertainment India Pvt. Ltd.,90,80,1423173
NDS,Khayaal,Sony Music Entertainment India Pvt. Ltd.,75,29,3385813
Talwiinder,Khayaal,Sony Music Entertainment India Pvt. Ltd.,75,29,3385813
Akasa Singh,Kheech Meri Photo,Sony Music / EROS Music,189,1,1307799
Darshan Raval,Kheech Meri Photo,Sony Music / EROS Music,189,1,1307799
Himesh Reshammiya,Kheech Meri Photo,Sony Music / EROS Music,189,1,1307799
Neeti Mohan,Kheech Meri Photo,Sony Music / EROS Music,189,1,1307799
Mismatched - Cast,Kho Gaye,Netflix Music,8,61,2030004
Taaruk Raina,Kho Gaye,Netflix Music,8,61,2030004
Amitabh Bhattacharya,"Khoobsurat (From ""Stree 2"")",Saregama India Ltd,5,44,2324909
Sachin-Jigar,"Khoobsurat (From ""Stree 2"")",Saregama India Ltd,5,44,2324909
Vishal Mishra,"Khoobsurat (From ""Stree 2"")",Saregama India Ltd,5,44,2324909
Anvita Dutt Guptan,Khuda Jaane,YRF Music,37,161,2455531
KK,Khuda Jaane,YRF Music,37,161,2455531
Shilpa Rao,Khuda Jaane,YRF Music,37,161,2455531
Vishal-Shekhar,Khuda Jaane,YRF Music,37,161,2455531
Ilaiyaraaja,Kiliye Kiliye - Afrobeat Mix,Saregama India Ltd,192,1,1325444
S. Janaki,Kiliye Kiliye - Afrobeat Mix,Saregama India Ltd,192,1,1325444
The Independeners,Kiliye Kiliye - Afrobeat Mix,Saregama India Ltd,192,1,1325444
Shubh,King Shit,SHUBH,5,55,1293497
Diljit Dosanjh,Kinni Kinni,DILJIT DOSANJH,24,77,1776158
thiarajxtt,Kinni Kinni,DILJIT DOSANJH,24,77,1776158
Kishore Kumar,Kishore Kumar Speaks And O Mere Dil Ke Chain (Film - Mere Jeevan Saathi),Saregama India Ltd,195,4,1518967
Devi Sri Prasad,"Kissik (From ""Pushpa 2 The Rule"") [HINDI]",T-Series,122,5,1522485
Lothika,"Kissik (From ""Pushpa 2 The Rule"") [HINDI]",T-Series,122,5,1522485
Raqueeb Alam,"Kissik (From ""Pushpa 2 The Rule"") [HINDI]",T-Series,122,5,1522485
Sublahshini,"Kissik (From ""Pushpa 2 The Rule"") [HINDI]",T-Series,122,5,1522485
Chandra Bose,"Kissik (From ""Pushpa 2 The Rule"") [TELUGU]",T-Series,30,8,1686133
Devi Sri Prasad,"Kissik (From ""Pushpa 2 The Rule"") [TELUGU]",T-Series,30,8,1686133
Sublahshini,"Kissik (From ""Pushpa 2 The Rule"") [TELUGU]",T-Series,30,8,1686133
Dhanda Nyoliwala,Knife Brows,FarArmy Productions,80,23,1681594
Gifty,"Koi Naa (From ""Bhool Chuk Maaf"")",Sony Music Entertainment India Pvt. Ltd.,135,5,1788785
Harnoor,"Koi Naa (From ""Bhool Chuk Maaf"")",Sony Music Entertainment India Pvt. Ltd.,135,5,1788785
Irshad Kamil,"Koi Naa (From ""Bhool Chuk Maaf"")",Sony Music Entertainment India Pvt. Ltd.,135,5,1788785
Shreya Ghoshal,"Koi Naa (From ""Bhool Chuk Maaf"")",Sony Music Entertainment India Pvt. Ltd.,135,5,1788785
Tanishk Bagchi,"Koi Naa (From ""Bhool Chuk Maaf"")",Sony Music Entertainment India Pvt. Ltd.,135,5,1788785
Diljit Dosanjh,Kufar,Diljit Dosanjh,155,2,1727130
MixSingh,Kufar,Diljit Dosanjh,155,2,1727130
Raj Ranjodh,Kufar,Diljit Dosanjh,155,2,1727130
A.R. Rahman,Kun Faya Kun,T-Series,60,153,1336123
Javed Ali,Kun Faya Kun,T-Series,60,153,1336123
Mohit Chauhan,Kun Faya Kun,T-Series,60,153,1336123
Irshad Kamil,"Kya Meri Yaad Aati Hai (From ""Sky Force"")",Saregama India Ltd,200,1,1291659
Tanishk Bagchi,"Kya Meri Yaad Aati Hai (From ""Sky Force"")",Saregama India Ltd,200,1,1291659
Vishal Mishra,"Kya Meri Yaad Aati Hai (From ""Sky Force"")",Saregama India Ltd,200,1,1291659
KK,Kya Mujhe Pyar Hai,T-Series,42,101,1341984
Neelesh Misra,Kya Mujhe Pyar Hai,T-Series,42,101,1341984
Pritam,Kya Mujhe Pyar Hai,T-Series,42,101,1341984
Dhanda Nyoliwala,La La La,Universal Music India Pvt Ltd.,191,11,2057352
Hansraj Raghuwanshi,Laagi Lagan Shankara,Hansraj Raghuwanshi,169,1,1352904
Alfaaz,"Laal Pari (From ""Housefull 5"")",T-Series,101,26,3839780
Simar Kaur,"Laal Pari (From ""Housefull 5"")",T-Series,101,26,3839780
Yo Yo Honey Singh,"Laal Pari (From ""Housefull 5"")",T-Series,101,26,3839780
KK,Labon Ko,T-Series,85,6,1390323
Pritam,Labon Ko,T-Series,85,6,1390323
Diljit Dosanjh,Lalkara,DILJIT DOSANJH,22,75,1548859
Intense,Lalkara,DILJIT DOSANJH,22,75,1548859
Sultaan,Lalkara,DILJIT DOSANJH,22,75,1548859
Diljit Dosanjh,Lemonade,DILJIT DOSANJH,26,132,1579479
DJ Snake,Let Me Love You,DJ Snake Def Jam,90,215,1381077
Justin Bieber,Let Me Love You,DJ Snake Def Jam,90,215,1381077
Sidhu Moose Wala,Lock,Sidhu Moose Wala,58,3,2031736
The Kidd,Lock,Sidhu Moose Wala,58,3,2031736
Masoom Sharma,Lofar,Sky High Music,106,34,2678643
Swara Verma,Lofar,Sky High Music,106,34,2678643
Gaurav Dev,Lor Lor,EYP Creations,148,2,1441786
Jassie Gill,Lor Lor,EYP Creations,148,2,1441786
Kartik Dev,Lor Lor,EYP Creations,148,2,1441786
Yo Yo Honey Singh,Love Dose,T-Series,32,71,1797206
AZWIN,MAUNA LOA,Mass Appeal,98,4,1747081
Vedan,MAUNA LOA,Mass Appeal,98,4,1747081
Ikky,MF Gabhru!,WM Canada,73,14,3646292
Karan Aujla,MF Gabhru!,WM Canada,73,14,3646292
Shubh,MVP,Shubh,24,24,1404255
Shaarib Toshi,Maahi,Sony Music Entertainment India Pvt. Ltd.,157,25,2308195
Toshi Sabri,Maahi,Sony Music Entertainment India Pvt. Ltd.,157,25,2308195
King,Maan Meri Jaan,Warner Music India,1,122,1626216
Bayaan,Maand,Bayaan,189,10,5418761
Hasan Raheem,Maand,Bayaan,189,10,5418761
Rovalio,Maand,Bayaan,189,10,5418761
B Praak,"Maaye (From ""Sky Force"")",Saregama India Ltd,161,2,1423235
Manoj Muntashir,"Maaye (From ""Sky Force"")",Saregama India Ltd,161,2,1423235
Tanishk Bagchi,"Maaye (From ""Sky Force"")",Saregama India Ltd,161,2,1423235
Darshan Raval,Mahiye Jinna Sohna,Warner Music India,2,83,1317706
Basant Kur,Main Hi Kyon,T-Series,196,2,1222968
Wazir Patar,Main Hi Kyon,T-Series,196,2,1222968
Atif Aslam,Main Rang Sharbaton Ka,Tips Industries Ltd,73,64,1589908
Chinmayi,Main Rang Sharbaton Ka,Tips Industries Ltd,73,64,1589908
Pritam,Main Rang Sharbaton Ka,Tips Industries Ltd,73,64,1589908
Kausar Munir,Maiyya,T-Series,49,43,2911212
Parampara Tandon,Maiyya,T-Series,49,43,2911212
Sachet Tandon,Maiyya,T-Series,49,43,2911212
Sachet-Parampara,Maiyya,T-Series,49,43,2911212
Sachet Tandon,Maiyya Mainu,Zee Music Company,5,149,2205344
Shellee,Maiyya Mainu,Zee Music Company,5,149,2205344
Kumaar,Malang Sajna,T-Series,4,132,1908992
Parampara Tandon,Malang Sajna,T-Series,4,132,1908992
Sachet Tandon,Malang Sajna,T-Series,4,132,1908992
Sachet-Parampara,Malang Sajna,T-Series,4,132,1908992
Khan Bhaini,Malwa Flow,Universal Music India Pvt Ltd.,156,1,1394301
Anirudh Ravichander,Manasilaayo,Sony Music Entertainment India Pvt. Ltd.,7,24,1881485
Deepthi Suresh,Manasilaayo,Sony Music Entertainment India Pvt. Ltd.,7,24,1881485
Malaysia Vasudevan,Manasilaayo,Sony Music Entertainment India Pvt. Ltd.,7,24,1881485
Yugendran Vasudeva Nair,Manasilaayo,Sony Music Entertainment India Pvt. Ltd.,7,24,1881485
Arjun Ajnabee,"Maniac - Bonus Track [From ""Glory""]",T-Series,61,9,3137198
Ragini Vishwakarma,"Maniac - Bonus Track [From ""Glory""]",T-Series,61,9,3137198
Yo Yo Honey Singh,"Maniac - Bonus Track [From ""Glory""]",T-Series,61,9,3137198
Vishal Mishra,Manjha,Desi Music Factory,16,144,1666457
Gajendra Verma,Mann Mera,Sony Music / EROS Music,26,238,4898040
Gajendra Verma,Mann Mera - Original Version,Sony Music / EROS Music,96,19,2924769
Amar Karnawal,Mard,Masoom Sharma,182,11,1873541
Masoom Sharma,Mard,Masoom Sharma,182,11,1873541
Pinna Music,Mard,Masoom Sharma,182,11,1873541
Dhanda Nyoliwala,Maruti,FarArmy Productions,181,7,1504926
Miki Malang,Maruti,FarArmy Productions,181,7,1504926
Ron Likhari,Maruti,FarArmy Productions,181,7,1504926
Arijit Singh,"Mast Magan (From ""2 States"")",T-Series,45,236,2397561
Chinmayi,"Mast Magan (From ""2 States"")",T-Series,45,236,2397561
Arijit Singh,"Mast Magan (From ""2 States)",T-Series,43,246,3179614
Chinmayi,"Mast Magan (From ""2 States)",T-Series,43,246,3179614
Roop Kumar Rathod,Maula Mere Maula,Saregama,135,55,2107915
Antara Mitra,Mehrama,Sony Music Entertainment India Pvt. Ltd.,10,193,1231399
Darshan Raval,Mehrama,Sony Music Entertainment India Pvt. Ltd.,10,193,1231399
Pritam,Mehrama,Sony Music Entertainment India Pvt. Ltd.,10,193,1231399
Annkur R Pathakk,"Mera Hua (From ""Ek Deewane Ki Deewaniyat"") (Original Motion Picture Soundtrack)",PlayDMF,166,3,2720600
Sachin Urmtosh,"Mera Hua (From ""Ek Deewane Ki Deewaniyat"") (Original Motion Picture Soundtrack)",PlayDMF,166,3,2720600
Juss,Mera Mann,Speed Records,12,16,2944087
MixSingh,Mera Mann,Speed Records,12,16,2944087
Nikhil D'Souza,Mere Bina,Sony Music Entertainment India Pvt. Ltd.,147,10,1459492
Pritam,Mere Bina,Sony Music Entertainment India Pvt. Ltd.,147,10,1459492
Ayushmann Khurrana,"Mere Liye Tum Kaafi Ho (From ""Shubh Mangal Zyada Saavdhan"")",T-Series,11,248,1306178
Tanishk-Vayu,"Mere Liye Tum Kaafi Ho (From ""Shubh Mangal Zyada Saavdhan"")",T-Series,11,248,1306178
Priya Saraiya,Mere Mehboob,T-Series,29,23,1964897
Sachet Tandon,Mere Mehboob,T-Series,29,23,1964897
Sachin-Jigar,Mere Mehboob,T-Series,29,23,1964897
Shilpa Rao,Mere Mehboob,T-Series,29,23,1964897
Komal Chaudhary,Mere Mittar,Komal Chaudhary,77,11,2164308
Masoom Sharma,Mere Mittar,Komal Chaudhary,77,11,2164308
Parampara Tandon,"Mere Sohneya (From ""Kabir Singh"")",T-Series,4,290,2880130
Sachet Tandon,"Mere Sohneya (From ""Kabir Singh"")",T-Series,4,290,2880130
Sachet-Parampara,"Mere Sohneya (From ""Kabir Singh"")",T-Series,4,290,2880130
Yo Yo Honey Singh,Millionaire,T-Series,3,62,4270616
Arijit Singh,"Milne Hai Mujhse Aayi (From ""Aashiqui 2"")",T-Series,198,4,1445585
Jakes Bejoy,Minnalvala,Sony Music Entertainment India Pvt. Ltd.,17,20,3664913
Sid Sriram,Minnalvala,Sony Music Entertainment India Pvt. Ltd.,17,20,3664913
Sithara Krishnakumar,Minnalvala,Sony Music Entertainment India Pvt. Ltd.,17,20,3664913
Jakes Bejoy,"Minnalvala (From ""Narivetta"")",Sony Music Entertainment India Pvt. Ltd.,75,2,2590205
Sid Sriram,"Minnalvala (From ""Narivetta"")",Sony Music Entertainment India Pvt. Ltd.,75,2,2590205
Sithara Krishnakumar,"Minnalvala (From ""Narivetta"")",Sony Music Entertainment India Pvt. Ltd.,75,2,2590205
Caralisa Monteiro,Mitwa,Sony Music Entertainment India Pvt. Ltd.,119,64,2175658
Shafqat Amanat Ali,Mitwa,Sony Music Entertainment India Pvt. Ltd.,119,64,2175658
Shankar Mahadevan,Mitwa,Sony Music Entertainment India Pvt. Ltd.,119,64,2175658
Shankar-Ehsaan-Loy,Mitwa,Sony Music Entertainment India Pvt. Ltd.,119,64,2175658
Anirudh Ravichander,Mobsta,Sun Pictures,168,3,1947257
Heisenberg,Mobsta,Sun Pictures,168,3,1947257
Cheema Y,Mogambo,Brown Town Music,77,3,2096094
Gur Sidhu,Mogambo,Brown Town Music,77,3,2096094
Gurlez Akhtar,Mogambo,Brown Town Music,77,3,2096094
Anirudh Ravichander,Monica,Sun Pictures,15,17,4891919
Asal Kolaar,Monica,Sun Pictures,15,17,4891919
Krishna Kanth,Monica,Sun Pictures,110,9,1838350
Sublahshini,Monica,Sun Pictures,15,17,4891919
Anirudh Ravichander,"Monica (From ""Coolie"") (Tamil)",Sun Pictures,79,3,4107187
Asal Kolaar,"Monica (From ""Coolie"") (Tamil)",Sun Pictures,79,3,4107187
Sublahshini,"Monica (From ""Coolie"") (Tamil)",Sun Pictures,79,3,4107187
Vishnu Edavan,"Monica (From ""Coolie"") (Tamil)",Sun Pictures,79,3,4107187
Anirudh Ravichander,"Monica (From ""Coolie"") (Telugu)",Sun Pictures,128,1,1600443
Krishna Kanth,"Monica (From ""Coolie"") (Telugu)",Sun Pictures,128,1,1600443
Sublahshini,"Monica (From ""Coolie"") (Telugu)",Sun Pictures,128,1,1600443
Badshah,Morni,Saregama India Ltd,33,10,2064946
Hiten,Morni,Saregama India Ltd,33,10,2064946
Sharvi Yadav,Morni,Saregama India Ltd,33,10,2064946
A.R. Rahman,Muththa Mazhai,Saregama India Ltd,103,2,1721893
Dhee,Muththa Mazhai,Saregama India Ltd,103,2,1721893
Siva Ananth,Muththa Mazhai,Saregama India Ltd,103,2,1721893
A.R. Rahman,Muththa Mazhai (Reprise),Saregama India Ltd,83,7,2320589
Chinmayi,Muththa Mazhai (Reprise),Saregama India Ltd,83,7,2320589
Siva Ananth,Muththa Mazhai (Reprise),Saregama India Ltd,83,7,2320589
Karthik,NaaNaa Hyraanaa,Saregama India Ltd,143,4,1410971
Saraswati Putra Ramajogayya Sastry,NaaNaa Hyraanaa,Saregama India Ltd,143,4,1410971
Shreya Ghoshal,NaaNaa Hyraanaa,Saregama India Ltd,143,4,1410971
Thaman S,NaaNaa Hyraanaa,Saregama India Ltd,143,4,1410971
Karthik,"NaaNaa Hyraanaa (From ""Game Changer"") (Telugu)",Saregama India Ltd,143,3,1234908
Ramajogayya Sastry,"NaaNaa Hyraanaa (From ""Game Changer"") (Telugu)",Saregama India Ltd,143,3,1234908
Shreya Ghoshal,"NaaNaa Hyraanaa (From ""Game Changer"") (Telugu)",Saregama India Ltd,143,3,1234908
Thaman S,"NaaNaa Hyraanaa (From ""Game Changer"") (Telugu)",Saregama India Ltd,143,3,1234908
Vikram Sarkar,Naam Chale,All Good Music Pvt Ltd,65,16,5778764
Ndee Kundu,Naam Tera,White Hill Dhaakad,158,5,1515857
Bayaan,Nahin Milta,rearts records,147,11,1941542
Dhee,"Nain Matakka - From ""Baby John""",Zee Music Company,100,6,1649162
Diljit Dosanjh,"Nain Matakka - From ""Baby John""",Zee Music Company,100,6,1649162
Irshad Kamil,"Nain Matakka - From ""Baby John""",Zee Music Company,100,6,1649162
Thaman S,"Nain Matakka - From ""Baby John""",Zee Music Company,100,6,1649162
Badshah,"Naina (From ""Crew"")",Tips Music Limited,3,69,2689817
Diljit Dosanjh,"Naina (From ""Crew"")",Tips Music Limited,3,69,2689817
Raj Ranjodh,"Naina (From ""Crew"")",Tips Music Limited,3,69,2689817
Mohit Chauhan,Nallaru Po,Think Music,188,1,1340310
Sai Abhyankkar,Nallaru Po,Think Music,188,1,1340310
Tippu,Nallaru Po,Think Music,188,1,1340310
Vivek,Nallaru Po,Think Music,188,1,1340310
Amit Trivedi,Namo Namo,Zee Music Company,19,151,1360307
Divya Kumar,"Nasha (From ""Raid 2"")",T-Series,117,3,1626964
Jaani,"Nasha (From ""Raid 2"")",T-Series,117,3,1626964
Jasmine Sandlas,"Nasha (From ""Raid 2"")",T-Series,117,3,1626964
Sachet Tandon,"Nasha (From ""Raid 2"")",T-Series,117,3,1626964
Sumonto Mukherjee,"Nasha (From ""Raid 2"")",T-Series,117,3,1626964
White Noise Collectives,"Nasha (From ""Raid 2"")",T-Series,117,3,1626964
Arko,Nazm Nazm,Zee Music Company,106,67,1887217
Guri Nimana,Nazra Ke Teer,All Good Music Pvt Ltd,192,14,1828609
Vikram Sarkar,Nazra Ke Teer,All Good Music Pvt Ltd,192,14,1828609
Mxrci,Neal,Sidhu Moose Wala,179,1,1340489
Sidhu Moose Wala,Neal,Sidhu Moose Wala,179,1,1340489
A.R. Rahman,Nee Singam Dhan,Sony Music Entertainment India Pvt. Ltd.,94,24,1831195
Sid Sriram,Nee Singam Dhan,Sony Music Entertainment India Pvt. Ltd.,94,24,1831195
Vivek,Nee Singam Dhan,Sony Music Entertainment India Pvt. Ltd.,94,24,1831195
Kalyanji-Anandji,Neele Neele Ambar Par - Male Version,Sony Music India / 550 Music,179,2,1326774
Kishore Kumar,Neele Neele Ambar Par - Male Version,Sony Music India / 550 Music,179,2,1326774
One Direction,Night Changes,Syco Music,22,196,1463976
Shubh,No Love,SHUBH,2,138,1263406
Hammy Muzic,Not Like You,Hammy Muzic,188,7,1556797
Legacy,Not Like You,Hammy Muzic,188,7,1556797
Arijit Singh,O Maahi,T-Series,4,97,2535684
Irshad Kamil,O Maahi,T-Series,4,97,2535684
Pritam,O Maahi,T-Series,4,97,2535684
Atif Aslam,O Meri Laila,Zee Music Company,16,64,1762135
Jyotica Tangri,O Meri Laila,Zee Music Company,16,64,1762135
Javed Bashir,O Rangrez,Sony Music Entertainment India Pvt. Ltd.,159,53,2274621
Shankar-Ehsaan-Loy,O Rangrez,Sony Music Entertainment India Pvt. Ltd.,159,53,2274621
Shreya Ghoshal,O Rangrez,Sony Music Entertainment India Pvt. Ltd.,159,53,2274621
Vajid Ali,O Rangrez,Sony Music Entertainment India Pvt. Ltd.,159,53,2274621
Yusuf Mohammed,O Rangrez,Sony Music Entertainment India Pvt. Ltd.,159,53,2274621
Jaideep Sahni,O Re Piya,YRF Music,95,42,1282664
Rahat Fateh Ali Khan,O Re Piya,YRF Music,95,42,1282664
Salim–Sulaiman,O Re Piya,YRF Music,95,42,1282664
Arko,O Saathi,T-Series,52,171,2564660
Atif Aslam,O Saathi,T-Series,52,171,2564660
Kamal Heer,"O Shera - Teer Te Taj (Film Version) - From ""Kesari Chapter 2""",Zee Music Company,117,3,1562770
Manmohan Waris,"O Shera - Teer Te Taj (Film Version) - From ""Kesari Chapter 2""",Zee Music Company,117,3,1562770
Sangtar,"O Shera - Teer Te Taj (Film Version) - From ""Kesari Chapter 2""",Zee Music Company,117,3,1562770
Shashwat Sachdev,"O Shera - Teer Te Taj (Film Version) - From ""Kesari Chapter 2""",Zee Music Company,117,3,1562770
Sukhwinder Amrit,"O Shera - Teer Te Taj (Film Version) - From ""Kesari Chapter 2""",Zee Music Company,117,3,1562770
Adhik Ravi Chandran,"Og Sambavam (From ""Good Bad Ugly"")",T-Series,151,1,1448952
G. V. Prakash,"Og Sambavam (From ""Good Bad Ugly"")",T-Series,151,1,1448952
Vishnu Edavan,"Og Sambavam (From ""Good Bad Ugly"")",T-Series,151,1,1448952
Nora Fatehi,Oh Mama! TETEMA,T-Series,125,1,1611498
Rayvanny,Oh Mama! TETEMA,T-Series,125,1,1611498
Sanjoy,Oh Mama! TETEMA,T-Series,125,1,1611498
Shreya Ghoshal,Oh Mama! TETEMA,T-Series,125,1,1611498
The Plugz Europe,Oh Mama! TETEMA,T-Series,125,1,1611498
Vishal Mishra,Oh Mama! TETEMA,T-Series,125,1,1611498
AP Dhillon,Old Money,AP Dhillon,13,38,1758561
Shubh,One Love,SHUBH,3,116,2575056
JENNIE,"One Of The Girls (with JENNIE, Lily Rose Depp)",XO / Republic Records,98,83,1547966
Lily-Rose Depp,"One Of The Girls (with JENNIE, Lily Rose Depp)",XO / Republic Records,98,83,1547966
The Weeknd,"One Of The Girls (with JENNIE, Lily Rose Depp)",XO / Republic Records,98,83,1547966
Deepthi Suresh,Oorum Blood,Think Music,5,10,5729055
Paal Dabba,Oorum Blood,Think Music,5,10,5729055
Sai Abhyankkar,Oorum Blood,Think Music,5,10,5729055
bebhumika,Oorum Blood,Think Music,5,10,5729055
Deepthi Suresh,"Oorum Blood - From ""Dude""",Think Music,89,8,6128727
Paal Dabba,"Oorum Blood - From ""Dude""",Think Music,89,8,6128727
Sai Abhyankkar,"Oorum Blood - From ""Dude""",Think Music,89,8,6128727
bebhumika,"Oorum Blood - From ""Dude""",Think Music,89,8,6128727
Gurjit Gill,PAN INDIA,T-Series,116,3,1769887
Guru Randhawa,PAN INDIA,T-Series,116,3,1769887
Lavish Dhiman,PAN INDIA,T-Series,116,3,1769887
ATLXS,PASSO BEM SOLTO - Slowed,broke,197,10,1527635
Dilmaan,"PERFECT (From ""Sunny Sanskari Ki Tulsi Kumari"")",Sony Music Entertainment India Pvt. Ltd.,79,6,2315776
Gill Machhrai,"PERFECT (From ""Sunny Sanskari Ki Tulsi Kumari"")",Sony Music Entertainment India Pvt. Ltd.,79,6,2315776
Guru Randhawa,"PERFECT (From ""Sunny Sanskari Ki Tulsi Kumari"")",Sony Music Entertainment India Pvt. Ltd.,79,6,2315776
Rony Ajnali,"PERFECT (From ""Sunny Sanskari Ki Tulsi Kumari"")",Sony Music Entertainment India Pvt. Ltd.,79,6,2315776
Aditya Rikhari,Paaro,Universal Music India Pvt Ltd.,150,34,2890598
Arijit Singh,Pal,Sony Music Entertainment India Pvt. Ltd.,34,335,1778197
Javed-Mohsin,Pal,Sony Music Entertainment India Pvt. Ltd.,34,335,1778197
Kunaal Vermaa,Pal,Sony Music Entertainment India Pvt. Ltd.,34,335,1778197
Prashant Ingole,Pal,Sony Music Entertainment India Pvt. Ltd.,34,335,1778197
Shreya Ghoshal,Pal,Sony Music Entertainment India Pvt. Ltd.,34,335,1778197
Afusic,Pal Pal,Afusic,156,6,6370931
AliSoomroMusic,Pal Pal,Afusic,156,6,6370931
Afusic,Pal Pal (with Talwiinder),Afusic,69,3,2772203
AliSoomroMusic,Pal Pal (with Talwiinder),Afusic,69,3,2772203
Talwiinder,Pal Pal (with Talwiinder),Afusic,69,3,2772203
Kishore Kumar,"Pal Pal Dil Ke Paas - From ""Blackmail""",Universal Music India Pvt Ltd.,115,20,2302404
Arijit Singh,"Pal Pal Dil Ke Paas - Title Track - From ""Pal Pal Dil Ke Paas""",Zee Music Company,3,157,1691200
Parampara Thakur,"Pal Pal Dil Ke Paas - Title Track - From ""Pal Pal Dil Ke Paas""",Zee Music Company,3,157,1691200
Ayushmann Khurrana,Pani Da Rang - Male,Sony Music / EROS Music,68,62,1926654
Rochak Kohli,Pani Da Rang - Male,Sony Music / EROS Music,68,62,1926654
Atif Aslam,Paniyon Sa,T-Series,68,87,1312029
Rochak Kohli,Paniyon Sa,T-Series,68,87,1312029
Tulsi Kumar,Paniyon Sa,T-Series,68,87,1312029
AKASA,"Panwadi (From ""Sunny Sanskari Ki Tulsi Kumari"")",Sony Music Entertainment India Pvt. Ltd.,140,6,1656327
Dev Negi,"Panwadi (From ""Sunny Sanskari Ki Tulsi Kumari"")",Sony Music Entertainment India Pvt. Ltd.,140,6,1656327
Khesari Lal Yadav,"Panwadi (From ""Sunny Sanskari Ki Tulsi Kumari"")",Sony Music Entertainment India Pvt. Ltd.,140,6,1656327
Masoom Sharma,"Panwadi (From ""Sunny Sanskari Ki Tulsi Kumari"")",Sony Music Entertainment India Pvt. Ltd.,140,6,1656327
Nikhita Gandhi,"Panwadi (From ""Sunny Sanskari Ki Tulsi Kumari"")",Sony Music Entertainment India Pvt. Ltd.,140,6,1656327
Pritam,"Panwadi (From ""Sunny Sanskari Ki Tulsi Kumari"")",Sony Music Entertainment India Pvt. Ltd.,140,6,1656327
Amitabh Bhattacharya,"Pardesiya - From ""Param Sundari""",Universal Music India Pvt Ltd.,20,14,5906237
Krishnakali Saha,"Pardesiya - From ""Param Sundari""",Universal Music India Pvt Ltd.,20,14,5906237
Sachin-Jigar,"Pardesiya - From ""Param Sundari""",Universal Music India Pvt Ltd.,20,14,5906237
Sonu Nigam,"Pardesiya - From ""Param Sundari""",Universal Music India Pvt Ltd.,20,14,5906237
Aditya Rikhari,Paro,Universal Music India Pvt Ltd.,47,35,4512895
UNPLG'd,Paro,Universal Music India Pvt Ltd.,47,35,4512895
Amogh Balaji,"Pathikichu (From ""Vidaamuyarchi"")",Sony Music Entertainment India Pvt. Ltd.,153,3,1459264
Anirudh Ravichander,"Pathikichu (From ""Vidaamuyarchi"")",Sony Music Entertainment India Pvt. Ltd.,153,3,1459264
Yogi Sekar,"Pathikichu (From ""Vidaamuyarchi"")",Sony Music Entertainment India Pvt. Ltd.,153,3,1459264
Anirudh Ravichander,"Paththavaikkum (From ""Devara Part 1"")",T-Series,132,11,2585644
Deepthi Suresh,"Paththavaikkum (From ""Devara Part 1"")",T-Series,132,11,2585644
Vignesh Shivan,"Paththavaikkum (From ""Devara Part 1"")",T-Series,132,11,2585644
Paradox,Payal,T-Series,14,36,3342763
Yo Yo Honey Singh,Payal,T-Series,14,36,3342763
Irshad Kamil,Pee Loon,T-Series,37,90,1946994
Mohit Chauhan,Pee Loon,T-Series,37,90,1946994
Pritam,Pee Loon,T-Series,37,90,1946994
Chandra Bose,"Peelings (From ""Pushpa 2 The Rule"") [TELUGU]",T-Series,19,10,2283042
Devi Sri Prasad,"Peelings (From ""Pushpa 2 The Rule"") [TELUGU]",T-Series,19,10,2283042
Laxmi Dasa,"Peelings (From ""Pushpa 2 The Rule"") [TELUGU]",T-Series,19,10,2283042
Shankarr Babu Kandukoori,"Peelings (From ""Pushpa 2 The Rule"") [TELUGU]",T-Series,19,10,2283042
Siju Thuravoor,"Peelings (From ""Pushpa 2 The Rule"") [TELUGU]",T-Series,19,10,2283042
Raj Shekhar,Pehle Bhi Main,T-Series,1,92,2778582
Vishal Mishra,Pehle Bhi Main,T-Series,1,92,2778582
Atif Aslam,Pehli Dafa,T-Series,90,105,2516396
Shiraz Uppal,Pehli Dafa,T-Series,90,105,2516396
Ed Sheeran,Perfect,Atlantic Records UK,29,287,1691633
Amitabh Bhattacharya,"Phir Aur Kya Chahiye (From ""Zara Hatke Zara Bachke"")",Saregama India Ltd,1,106,1607800
Arijit Singh,"Phir Aur Kya Chahiye (From ""Zara Hatke Zara Bachke"")",Saregama India Ltd,1,106,1607800
Sachin-Jigar,"Phir Aur Kya Chahiye (From ""Zara Hatke Zara Bachke"")",Saregama India Ltd,1,106,1607800
Arijit Singh,Phir Bhi Tumko Chaahunga,Zee Music Company,149,51,1855143
Manoj Muntashir,Phir Bhi Tumko Chaahunga,Zee Music Company,149,51,1855143
Mithoon,Phir Bhi Tumko Chaahunga,Zee Music Company,149,51,1855143
Shashaa Tirupati,Phir Bhi Tumko Chaahunga,Zee Music Company,149,51,1855143
Arijit Singh,"Phir Mohabbat (From ""Murder 2"")",T-Series,135,51,1784172
Mohammed Irfan,"Phir Mohabbat (From ""Murder 2"")",T-Series,135,51,1784172
Saim Bhat,"Phir Mohabbat (From ""Murder 2"")",T-Series,135,51,1784172
G. V. Prakash,Pirai Thedum,Gemini Audio/Gemini Entertainment & Mobile Media Services,107,5,1354802
Saindhavi,Pirai Thedum,Gemini Audio/Gemini Entertainment & Mobile Media Services,107,5,1354802
Atif Aslam,Piya O Re Piya,Tips Music Limited,114,18,1731718
Sachin-Jigar,Piya O Re Piya,Tips Music Limited,114,18,1731718
Shreya Ghoshal,Piya O Re Piya,Tips Music Limited,114,18,1731718
Cheema Y,Police,Brown Town Music,69,12,1990494
Gur Sidhu,Police,Brown Town Music,69,12,1990494
Jasmeen Akhtar,Police,Brown Town Music,69,12,1990494
Santhosh Narayanan,"Pottala Muttaye - From ""Thalaivan Thalaivii""",Think Music,112,11,1804412
Sublahshini,"Pottala Muttaye - From ""Thalaivan Thalaivii""",Think Music,112,11,1804412
Vivek,"Pottala Muttaye - From ""Thalaivan Thalaivii""",Think Music,112,11,1804412
Anirudh Ravichander,Powerhouse,Sun Pictures,20,16,4726621
Arivu,Powerhouse,Sun Pictures,20,16,4726621
Anirudh Ravichander,"Powerhouse (From ""Coolie"") (Tamil)",Sun Pictures,184,2,3716784
Arivu,"Powerhouse (From ""Coolie"") (Tamil)",Sun Pictures,184,2,3716784
Darshan Raval,"Preet Re - From ""Dhadak 2""",Zee Music Company,185,14,2396768
Gurpreet Saini,"Preet Re - From ""Dhadak 2""",Zee Music Company,185,14,2396768
Jonita Gandhi,"Preet Re - From ""Dhadak 2""",Zee Music Company,185,14,2396768
Rochak Kohli,"Preet Re - From ""Dhadak 2""",Zee Music Company,185,14,2396768
Anurag Kulkarni,"Premalo (From ""Court"")",Saregama India Ltd,53,11,2962678
Purnachary,"Premalo (From ""Court"")",Saregama India Ltd,53,11,2962678
Sameera Bharadwaj,"Premalo (From ""Court"")",Saregama India Ltd,53,11,2962678
Vijai Bulganin,"Premalo (From ""Court"")",Saregama India Ltd,53,11,2962678
Connie Francis,Pretty Little Baby,Universal Records,125,4,1606064
Aastha Gill,Proper Patola,Sony Music Entertainment India Pvt. Ltd.,18,120,1203721
Badshah,Proper Patola,Sony Music Entertainment India Pvt. Ltd.,18,120,1203721
Diljit Dosanjh,Proper Patola,Sony Music Entertainment India Pvt. Ltd.,18,120,1203721
Amit Trivedi,Qaafirana,Zee Music Company,40,189,1350590
Arijit Singh,Qaafirana,Zee Music Company,40,189,1350590
Nikhita Gandhi,Qaafirana,Zee Music Company,40,189,1350590
Gill Machhrai,Qatal,Warner Music India,116,28,5498417
Guru Randhawa,Qatal,Warner Music India,116,28,5498417
Sanjoy,Qatal,Warner Music India,116,28,5498417
Amitabh Bhattacharya,Qayde Se,T-Series,198,7,1709404
Arijit Singh,Qayde Se,T-Series,198,7,1709404
Pritam,Qayde Se,T-Series,198,7,1709404
Arijit Singh,Raabta,T-Series,41,160,2393948
Pritam,Raabta,T-Series,41,160,2393948
Kausar Munir,"Raanjhan (From ""Do Patti"")",T-Series,2,55,9492013
Parampara Tandon,"Raanjhan (From ""Do Patti"")",T-Series,2,55,9492013
Sachet-Parampara,"Raanjhan (From ""Do Patti"")",T-Series,2,55,9492013
A.R. Rahman,"Raanjhanaa (From ""Raanjhanaa"")",Sony Music Entertainment India Pvt. Ltd.,110,64,2183883
Jaswinder Singh,"Raanjhanaa (From ""Raanjhanaa"")",Sony Music Entertainment India Pvt. Ltd.,110,64,2183883
Shiraz Uppal,"Raanjhanaa (From ""Raanjhanaa"")",Sony Music Entertainment India Pvt. Ltd.,110,64,2183883
Aditya Dev,"Raat Bhar (From ""De De Pyaar De 2"")",T-Series,37,1,2693733
Aditya Rikhari,"Raat Bhar (From ""De De Pyaar De 2"")",T-Series,37,1,2693733
Kumaar,"Raat Bhar (From ""De De Pyaar De 2"")",T-Series,37,1,2693733
Payal Dev,"Raat Bhar (From ""De De Pyaar De 2"")",T-Series,37,1,2693733
Masoom Sharma,Raat Ke Shikari,Sonotek Cassettes,172,22,3288498
Sweta Chauhan,Raat Ke Shikari,Sonotek Cassettes,172,22,3288498
Yash Thukral,Raat Ke Shikari,Sonotek Cassettes,172,22,3288498
Aditya Rikhari,Raatein Guzaari,Tips Music Limited,198,3,1342678
Amitabh Bhattacharya,Rahein Na Rahein Hum - From “Thamma”,Universal Music India Pvt. Ltd.,107,2,1824494
Sachin-Jigar,Rahein Na Rahein Hum - From “Thamma”,Universal Music India Pvt. Ltd.,107,2,1824494
Soumyadeep Sarkar,Rahein Na Rahein Hum - From “Thamma”,Universal Music India Pvt. Ltd.,107,2,1824494
Masoom Sharma,Ramayan Ka Saar,Masoom Sharma,185,21,2032858
Satinder Sartaaj,"Rang (From ""Sky Force"")",Saregama India Ltd,198,1,1252551
Shloke Lal,"Rang (From ""Sky Force"")",Saregama India Ltd,198,1,1252551
Tanishk Bagchi,"Rang (From ""Sky Force"")",Saregama India Ltd,198,1,1252551
Zahrah S Khan,"Rang (From ""Sky Force"")",Saregama India Ltd,198,1,1252551
Mohit Chauhan,Rang Lageya,Saregama,35,77,1283451
Rochak Kohli,Rang Lageya,Saregama,35,77,1283451
B Praak,Ranjha,Sony Music Entertainment India Pvt. Ltd.,1,178,1861535
Jasleen Royal,Ranjha,Sony Music Entertainment India Pvt. Ltd.,1,178,1861535
Romy,Ranjha,Sony Music Entertainment India Pvt. Ltd.,1,178,1861535
B Praak,"Ranjha (From ""Shershaah"")",Sony Music Entertainment India Pvt. Ltd.,1,222,2570937
Jasleen Royal,"Ranjha (From ""Shershaah"")",Sony Music Entertainment India Pvt. Ltd.,1,222,2570937
Romy,"Ranjha (From ""Shershaah"")",Sony Music Entertainment India Pvt. Ltd.,1,222,2570937
Cheema Y,Ranjhea,Brown Town Music,156,1,1495453
Gur Sidhu,Ranjhea,Brown Town Music,156,1,1495453
Zain Zohaib,Ranjheya Ve,Zain Zohaib,187,37,3024232
Anirudh Ravichander,"Rise Of Dragon - From ""Dragon""",Think Music,193,1,1246249
Leon James,"Rise Of Dragon - From ""Dragon""",Think Music,193,1,1246249
Vignesh Shivan,"Rise Of Dragon - From ""Dragon""",Think Music,193,1,1246249
Hanumankind,Run It Up,Capitol Records/Universal Music India,154,5,2402731
Dhanda Nyoliwala,Russian Bandana,Universal Music India Pvt Ltd.,6,58,3335686
ARJN,SHERIYA,Universal Music India Pvt Ltd.,147,3,1501524
KDS,SHERIYA,Universal Music India Pvt Ltd.,147,3,1501524
RONN,SHERIYA,Universal Music India Pvt Ltd.,147,3,1501524
AP Dhillon,STFU,AP Dhillon,30,25,3228944
Shinda Kahlon,STFU,AP Dhillon,30,25,3228944
Aditya Rikhari,Sahiba,T-Series,1,18,12797116
Aditya Sharma,Sahiba,Warner Music India,5,50,8008061
Jasleen Royal,Sahiba,Warner Music India,5,50,8008061
Priya Saraiya,Sahiba,Warner Music India,5,50,8008061
Radhikka Madan,Sahiba,Warner Music India,5,50,8008061
Stebin Ben,Sahiba,Warner Music India,5,50,8008061
Vijay Deverakonda,Sahiba,Warner Music India,5,50,8008061
Sachin-Jigar,Saibo,Sony Music Entertainment India Pvt. Ltd.,31,262,2846074
Shreya Ghoshal,Saibo,Sony Music Entertainment India Pvt. Ltd.,31,262,2846074
Tochi Raina,Saibo,Sony Music Entertainment India Pvt. Ltd.,31,262,2846074
Arslan Nizami,Saiyaara,YRF Music,1,21,8188778
Faheem Abdullah,Saiyaara,YRF Music,1,21,8188778
Irshad Kamil,Saiyaara,YRF Music,1,21,8188778
Tanishk Bagchi,Saiyaara,YRF Music,1,21,8188778
Arslan Nizami,"Saiyaara (From ""Saiyaara"")",YRF Music,89,18,26355165
Faheem Abdullah,"Saiyaara (From ""Saiyaara"")",YRF Music,89,18,26355165
Irshad Kamil,"Saiyaara (From ""Saiyaara"")",YRF Music,89,18,26355165
Tanishk Bagchi,"Saiyaara (From ""Saiyaara"")",YRF Music,89,18,26355165
Arslan Nizami,Saiyaara Reprise - Female,YRF Music,6,16,8481535
Faheem Abdullah,Saiyaara Reprise - Female,YRF Music,6,16,8481535
Irshad Kamil,Saiyaara Reprise - Female,YRF Music,6,16,8481535
Shreya Ghoshal,Saiyaara Reprise - Female,YRF Music,6,16,8481535
Tanishk Bagchi,Saiyaara Reprise - Female,YRF Music,6,16,8481535
Arslan Nizami,Saiyaara Teaser,YRF Music,168,1,1449924
Faheem Abdullah,Saiyaara Teaser,YRF Music,168,1,1449924
Irshad Kamil,Saiyaara Teaser,YRF Music,168,1,1449924
Tanishk Bagchi,Saiyaara Teaser,YRF Music,168,1,1449924
Kailash Kher,Saiyyan,Sony Music Entertainment India Pvt. Ltd.,103,97,2258496
Naresh Kamath,Saiyyan,Sony Music Entertainment India Pvt. Ltd.,103,97,2258496
Paresh Kamath,Saiyyan,Sony Music Entertainment India Pvt. Ltd.,103,97,2258496
Faheem Abdullah,Sajde,Artiste First,185,23,4487634
Huzaif Nazar,Sajde,Artiste First,185,23,4487634
Aditya Gadhvi,Sajna,Darshan Raval,101,11,2151349
Darshan Raval,Sajna,Darshan Raval,101,11,2151349
Hansika Pareek,Sajna,Darshan Raval,101,11,2151349
Divya Kumar,"Sajna Ve Sajna (From ""Vicky Vidya Ka Woh Wala Video"")",T-Series,177,1,1264019
Irshad Kamil,"Sajna Ve Sajna (From ""Vicky Vidya Ka Woh Wala Video"")",T-Series,177,1,1264019
Sandesh Shandilya,"Sajna Ve Sajna (From ""Vicky Vidya Ka Woh Wala Video"")",T-Series,177,1,1264019
Sunidhi Chauhan,"Sajna Ve Sajna (From ""Vicky Vidya Ka Woh Wala Video"")",T-Series,177,1,1264019
White Noise Collectives,"Sajna Ve Sajna (From ""Vicky Vidya Ka Woh Wala Video"")",T-Series,177,1,1264019
Arijit Singh,"Sajni (From ""Laapataa Ladies"")",T-Series,1,79,3850295
Prashant Pandey,"Sajni (From ""Laapataa Ladies"")",T-Series,1,79,3850295
Ram Sampath,"Sajni (From ""Laapataa Ladies"")",T-Series,1,79,3850295
Anirudh Ravichander,Salambala,Times Music,116,4,1760297
Sai Abhyankkar,Salambala,Times Music,116,4,1760297
Super Subu,Salambala,Times Music,116,4,1760297
Arijit Singh,Samjhawan,Sony Music Entertainment India Pvt. Ltd.,70,220,1792899
Jawad Ahmad,Samjhawan,Sony Music Entertainment India Pvt. Ltd.,70,220,1792899
Shaarib Toshi,Samjhawan,Sony Music Entertainment India Pvt. Ltd.,70,220,1792899
Shreya Ghoshal,Samjhawan,Sony Music Entertainment India Pvt. Ltd.,70,220,1792899
Aditya Rikhari,Samjho Na,CollabX Productions,23,133,4069920
Ankit Tiwari,Sanam Teri Kasam,Sony Music / EROS Music,74,39,7433206
Himesh Reshammiya,Sanam Teri Kasam,Sony Music / EROS Music,74,39,7433206
Palak Muchhal,Sanam Teri Kasam,Sony Music / EROS Music,74,39,7433206
Himesh Reshammiya,Sanam Teri Kasam - Reprise,Sony Music / EROS Music,152,2,1462570
Mohammed Irfan,Sanam Teri Kasam - Reprise,Sony Music / EROS Music,152,2,1462570
Palak Muchhal,Sanam Teri Kasam - Reprise,Sony Music / EROS Music,152,2,1462570
Jasleen Royal,Sang Rahiyo,Warner Music India,21,87,3377550
Ujjwal Kashyap,Sang Rahiyo,Warner Music India,21,87,3377550
Ed Sheeran,Sapphire,Gingerbread Man Records / Atlantic Records UK,5,16,7713661
Arijit Singh,"Satranga (From ""ANIMAL"")",T-Series,2,106,3051377
Shreyas Puranik,"Satranga (From ""ANIMAL"")",T-Series,2,106,3051377
Siddharth - Garima,"Satranga (From ""ANIMAL"")",T-Series,2,106,3051377
Amit Trivedi,Sawaar Loon,T-Series,53,16,1217335
Monali Thakur,Sawaar Loon,T-Series,53,16,1217335
Anirudh Ravichander,"Sawadeeka (From ""Vidaamuyarchi"")",Sony Music Entertainment India Pvt. Ltd.,200,8,1716387
Anthony Daasan,"Sawadeeka (From ""Vidaamuyarchi"")",Sony Music Entertainment India Pvt. Ltd.,200,8,1716387
Arivu,"Sawadeeka (From ""Vidaamuyarchi"")",Sony Music Entertainment India Pvt. Ltd.,200,8,1716387
Camila Cabello,Señorita,Island Records,1,226,1648696
Shawn Mendes,Señorita,Island Records,1,226,1648696
MOLIY,Shake It To The Max (FLY) - Remix,WONDERGIRL LLC,175,3,1324594
Shenseea,Shake It To The Max (FLY) - Remix,WONDERGIRL LLC,175,3,1324594
Silent Addy,Shake It To The Max (FLY) - Remix,WONDERGIRL LLC,175,3,1324594
Skillibeng,Shake It To The Max (FLY) - Remix,WONDERGIRL LLC,175,3,1324594
G-SPXRK,Shaky,Sanjay Rathod,94,25,5939530
Sanju Rathod,Shaky,Sanjay Rathod,94,25,5939530
Ed Sheeran,Shape of You,Atlantic Records UK,63,268,2028744
Arijit Singh,Shayad,Sony Music Entertainment India Pvt. Ltd.,1,303,2106009
Pritam,Shayad,Sony Music Entertainment India Pvt. Ltd.,1,303,2106009
Shankar Mahadevan,Shiv Tandav Stotram,Times Music,159,2,1329890
Hariharan,Shree Hanuman Chalisa,T-Series,39,169,2587721
Jubin Nautiyal,Shri Krishna Govind Hare Murari,T-Series,35,37,1477219
Amit Trivedi,Shubhaarambh,UTV,182,2,1402115
Divya Kumar,Shubhaarambh,UTV,182,2,1402115
Shruti Pathak,Shubhaarambh,UTV,182,2,1402115
Pradeep Ranganathan,Singari,Think Music,70,3,2229041
Sai Abhyankkar,Singari,Think Music,70,3,2229041
Sai Smriti,Singari,Think Music,70,3,2229041
Semv.iii,Singari,Think Music,70,3,2229041
Pradeep Ranganathan,"Singari - From ""Dude""",Think Music,96,1,1942829
Sai Abhyankkar,"Singari - From ""Dude""",Think Music,96,1,1942829
Sai Smriti,"Singari - From ""Dude""",Think Music,96,1,1942829
Semv.iii,"Singari - From ""Dude""",Think Music,96,1,1942829
Guru Randhawa,Sirra,Warner Music India,47,16,5774477
Kiran Bajwa,Sirra,Warner Music India,47,16,5774477
Rony Ajnali,Sirra,Warner Music India,47,16,5774477
Sai Abhyankkar,"Sithira Puthiri - From ""Think Indie""",Think Music,159,12,1712164
Vivek,"Sithira Puthiri - From ""Think Indie""",Think Music,159,12,1712164
Amaal Mallik,Soch Na Sake,T-Series,46,127,2010023
Arijit Singh,Soch Na Sake,T-Series,46,127,2010023
Tulsi Kumar,Soch Na Sake,T-Series,46,127,2010023
Ikky,Softly,WM Canada,4,116,3172926
Karan Aujla,Softly,WM Canada,4,116,3172926
Darshan Raval,"Soni Soni (From ""Ishq Vishk Rebound"")",Tips Industries Ltd,4,53,1780490
Gurpreet Saini,"Soni Soni (From ""Ishq Vishk Rebound"")",Tips Industries Ltd,4,53,1780490
Jonita Gandhi,"Soni Soni (From ""Ishq Vishk Rebound"")",Tips Industries Ltd,4,53,1780490
Rochak Kohli,"Soni Soni (From ""Ishq Vishk Rebound"")",Tips Industries Ltd,4,53,1780490
Chandra Bose,"Sooseki (From ""Pushpa 2 The Rule"") [TELUGU]",T-Series,89,13,1526629
Devi Sri Prasad,"Sooseki (From ""Pushpa 2 The Rule"") [TELUGU]",T-Series,89,13,1526629
Shreya Ghoshal,"Sooseki (From ""Pushpa 2 The Rule"") [TELUGU]",T-Series,89,13,1526629
Arijit Singh,Soulmate,Universal Music India Pvt Ltd.,2,61,1831537
Badshah,Soulmate,Universal Music India Pvt Ltd.,2,61,1831537
Daft Punk,Starboy,Universal Republic Records,12,223,1711204
The Weeknd,Starboy,Universal Republic Records,12,223,1711204
King,Stay,Warner Music India,188,4,1331731
Pritam,Subhanallah,T-Series,41,135,2511482
Shilpa Rao,Subhanallah,T-Series,41,135,2511482
Sreeram,Subhanallah,T-Series,41,135,2511482
Divya Kumar,Sun Saathiya,Zee Music Company,121,44,1790584
Priya Saraiya,Sun Saathiya,Zee Music Company,121,44,1790584
G-SPXRK,Sundari,Sanjay Rathod,140,7,3113272
Sanju Rathod,Sundari,Sanjay Rathod,140,7,3113272
Juss,Suniyan Suniyan,Mix It Up Studio,3,77,2349676
MixSingh,Suniyan Suniyan,Mix It Up Studio,3,77,2349676
Aditya Rikhari,"Sunn Mere Yaar Ve - From ""Param Sundari""",Universal Music India Pvt Ltd.,197,1,1262430
Amitabh Bhattacharya,"Sunn Mere Yaar Ve - From ""Param Sundari""",Universal Music India Pvt Ltd.,197,1,1262430
Sachin-Jigar,"Sunn Mere Yaar Ve - From ""Param Sundari""",Universal Music India Pvt Ltd.,197,1,1262430
Ankit Tiwari,Sunn Raha Hai (Male Version),T-Series,146,23,1657432
JASKARAN,Superstar,5.5 Records Under Exclusive License to AWAL,76,14,1960824
Rita Kim,Superstar,5.5 Records Under Exclusive License to AWAL,76,14,1960824
dox,Superstar,5.5 Records Under Exclusive License to AWAL,76,14,1960824
Shubh,Supreme,Shubh,116,29,6759422
Aditya Rikhari,Suroor,Universal Music India Pvt Ltd.,172,1,1394753
Gurpreet Saini,Suroor,Universal Music India Pvt Ltd.,172,1,1394753
Lijo George,Suroor,Universal Music India Pvt Ltd.,172,1,1394753
Rochak Kohli,Suroor,Universal Music India Pvt Ltd.,172,1,1394753
Arijit Singh,"Tainu Khabar Nahi - From ""Munjya""",Zee Music Company,17,73,2677349
Sachin-Jigar,"Tainu Khabar Nahi - From ""Munjya""",Zee Music Company,17,73,2677349
JayB Singh,Take Notes,Sidhu Moose Wala,164,1,1410591
Sidhu Moose Wala,Take Notes,Sidhu Moose Wala,164,1,1410591
Amitabh Bhattacharya,"Taras - From ""Munjya""",Zee Music Company,38,50,1600323
Jasmine Sandlas,"Taras - From ""Munjya""",Zee Music Company,38,50,1600323
Sachin-Jigar,"Taras - From ""Munjya""",Zee Music Company,38,50,1600323
Karan Aujla,Tauba Tauba,Saregama India Ltd,1,56,2857867
Ikky,Tell Me,WM Canada,190,3,1271829
Karan Aujla,Tell Me,WM Canada,190,3,1271829
OneRepublic,Tell Me,WM Canada,190,3,1271829
Dhanda Nyoliwala,Tension,Universal Music India Pvt Ltd.,168,3,1551661
Diljit Dosanjh,Tension,Famous Studios,176,2,1278301
Achint,Tenu Sang Rakhna,Saregama India Ltd,102,21,1733050
Anumita Nadesan,Tenu Sang Rakhna,Saregama India Ltd,102,21,1733050
Arijit Singh,Tenu Sang Rakhna,Saregama India Ltd,102,21,1733050
Varun Grover,Tenu Sang Rakhna,Saregama India Ltd,102,21,1733050
Akhil Sachdeva,"Tera Ban Jaunga (From ""Kabir Singh"")",T-Series,4,296,2051572
Tulsi Kumar,"Tera Ban Jaunga (From ""Kabir Singh"")",T-Series,4,296,2051572
Arijit Singh,Tera Chehra,Sony Music / EROS Music,157,40,5834202
Himesh Reshammiya,Tera Chehra,Sony Music / EROS Music,157,40,5834202
Arijit Singh,Tera Fitoor,Tips Music Limited,61,108,2024488
Himesh Reshammiya,Tera Fitoor,Tips Music Limited,61,108,2024488
Kumaar,Tera Fitoor,Tips Music Limited,61,108,2024488
Gajendra Verma,Tera Ghata,Virtual Planet Production Pvt. Ltd.,62,71,1379517
Alisha Chinai,Tera Hone Laga Hoon,Tips Industries Ltd,33,234,2466356
Atif Aslam,Tera Hone Laga Hoon,Tips Industries Ltd,33,234,2466356
Pritam,Tera Hone Laga Hoon,Tips Industries Ltd,33,234,2466356
Mustafa Zahid,Tera Mera Rishta,Sony Music / Vishesh Films,161,30,1825757
Pritam,Tera Mera Rishta,Sony Music / Vishesh Films,161,30,1825757
Arijit Singh,"Tera Yaar Hoon Main (From ""Sonu Ke Titu Ki Sweety"")",T-Series,54,197,1282073
A.R. Rahman,Tere Bina,Sony Music Entertainment India Pvt. Ltd.,103,64,4956975
Chinmayi,Tere Bina,Sony Music Entertainment India Pvt. Ltd.,103,64,4956975
Murtuza Khan,Tere Bina,Sony Music Entertainment India Pvt. Ltd.,103,64,4956975
Qadir Khan,Tere Bina,Sony Music Entertainment India Pvt. Ltd.,103,64,4956975
Josh Brar,Tere Bina Na Guzara E,Speed Records,19,53,1898131
A.R. Rahman,"Tere Ishk Mein (From ""Tere Ishk Mein"")",T-Series,194,3,2400231
Arijit Singh,"Tere Ishk Mein (From ""Tere Ishk Mein"")",T-Series,194,3,2400231
Irshad Kamil,"Tere Ishk Mein (From ""Tere Ishk Mein"")",T-Series,194,3,2400231
Atif Aslam,Tere Liye,Tips Industries Ltd,187,27,2774792
Shreya Ghoshal,Tere Liye,Tips Industries Ltd,187,27,2774792
Shafqat Amanat Ali,Tere Naina,Sony Music Entertainment India Pvt. Ltd.,175,42,1787060
Shankar-Ehsaan-Loy,Tere Naina,Sony Music Entertainment India Pvt. Ltd.,175,42,1787060
Amitabh Bhattacharya,Tere Pyaar Mein,T-Series,5,96,1606273
Arijit Singh,Tere Pyaar Mein,T-Series,5,96,1606273
Nikhita Gandhi,Tere Pyaar Mein,T-Series,5,96,1606273
Pritam,Tere Pyaar Mein,T-Series,5,96,1606273
Atif Aslam,Tere Sang Yaara,Zee Music Company,125,52,1620948
Manoj Muntashir,Tere Sang Yaara,Zee Music Company,125,52,1620948
Asees Kaur,"Teri Baaton Mein Aisa Uljha Jiya Title Song (From ""Teri Baaton Mein Aisa Uljha Jiya"")",T-Series,5,48,1442270
Raghav,"Teri Baaton Mein Aisa Uljha Jiya Title Song (From ""Teri Baaton Mein Aisa Uljha Jiya"")",T-Series,5,48,1442270
Tanishk Bagchi,"Teri Baaton Mein Aisa Uljha Jiya Title Song (From ""Teri Baaton Mein Aisa Uljha Jiya"")",T-Series,5,48,1442270
Kailash Kher,Teri Deewani,Sony Music Entertainment India Pvt. Ltd.,143,66,2745202
Naresh Kamath,Teri Deewani,Sony Music Entertainment India Pvt. Ltd.,143,66,2745202
Paresh Kamath,Teri Deewani,Sony Music Entertainment India Pvt. Ltd.,143,66,2745202
Pritam,Teri Jhuki Nazar,Sony Music Entertainment India Pvt. Ltd.,162,16,1876693
Shafqat Amanat Ali,Teri Jhuki Nazar,Sony Music Entertainment India Pvt. Ltd.,162,16,1876693
Aarohi Raghav,Teri Ramjhol Bole Gi (feat. Kay D & Aarohi Raghav),Empire Media,173,22,3068522
Kay D,Teri Ramjhol Bole Gi (feat. Kay D & Aarohi Raghav),Empire Media,173,22,3068522
Masoom Sharma,Teri Ramjhol Bole Gi (feat. Kay D & Aarohi Raghav),Empire Media,173,22,3068522
Mr. Boota,Teri Ramjhol Bole Gi (feat. Kay D & Aarohi Raghav),Empire Media,173,22,3068522
Sheenam Katholic,Teri Ramjhol Bole Gi (feat. Kay D & Aarohi Raghav),Empire Media,173,22,3068522
Aditya Rikhari,Teri Yaad,Universal Music India Pvt Ltd.,134,4,1488124
Taylor Swift,The Fate of Ophelia,Taylor Swift,130,1,1685603
AP Dhillon,Thodi Si Daaru,AP Dhillon,25,14,8243642
Shreya Ghoshal,Thodi Si Daaru,AP Dhillon,25,14,8243642
Pushpavanam Kuppusamy,"Thottu Thottu (Form ""Ethirum Puthirum"")",Music Masters Audio Video LLP,134,3,1586922
Swarnalatha,"Thottu Thottu (Form ""Ethirum Puthirum"")",Music Masters Audio Video LLP,134,3,1586922
Playboi Carti,Timeless (feat Playboi Carti),XO / Republic Records,165,21,1859192
The Weeknd,Timeless (feat Playboi Carti),XO / Republic Records,165,21,1859192
Shubh,Together,Shubh,163,4,1467445
Mustafa Zahid,Toh Phir Aao,Sony Music / Vishesh Films,155,16,1475442
Pritam,Toh Phir Aao,Sony Music / Vishesh Films,155,16,1475442
Atif Aslam,Toota Jo Kabhi Tara,Zee Music Company,162,1,1523176
Sumedha Karmahe,Toota Jo Kabhi Tara,Zee Music Company,162,1,1523176
Adviteeya Vojjala,"Trance of Omi (From ""They Call Him OG"")",Sony Music Entertainment India Pvt. Ltd.,189,2,1614569
Harsha Darivemula,"Trance of Omi (From ""They Call Him OG"")",Sony Music Entertainment India Pvt. Ltd.,189,2,1614569
Thaman S,"Trance of Omi (From ""They Call Him OG"")",Sony Music Entertainment India Pvt. Ltd.,189,2,1614569
DIVINE,Triple OG,DIVINE,192,7,1435037
Phenom,Triple OG,DIVINE,192,7,1435037
Sanjoy,Tu,T-Series,111,1,1858685
Talwiinder,Tu,T-Series,111,1,1858685
Abhendra Kumar Upadhyay,Tu Hai Ki Nahi,T-Series,75,7,1877272
Ankit Tiwari,Tu Hai Ki Nahi,T-Series,75,7,1877272
Bunny,"Tu Hain Toh (From ""Mr. And Mrs. Mahi"")",Sony Music Entertainment India Pvt. Ltd.,8,56,1798010
Hunny,"Tu Hain Toh (From ""Mr. And Mrs. Mahi"")",Sony Music Entertainment India Pvt. Ltd.,8,56,1798010
Sagar,"Tu Hain Toh (From ""Mr. And Mrs. Mahi"")",Sony Music Entertainment India Pvt. Ltd.,8,56,1798010
Afsana Khan,"Tu Hain Toh Main Hoon (From ""Sky Force"")",Saregama India Ltd,18,29,4594499
Arijit Singh,"Tu Hain Toh Main Hoon (From ""Sky Force"")",Saregama India Ltd,18,29,4594499
Irshad Kamil,"Tu Hain Toh Main Hoon (From ""Sky Force"")",Saregama India Ltd,18,29,4594499
Tanishk Bagchi,"Tu Hain Toh Main Hoon (From ""Sky Force"")",Saregama India Ltd,18,29,4594499
Irshan Ashraf,Tu Hi Haqeeqat,Sony Music Entertainment India Pvt. Ltd.,174,25,1707134
Javed Ali,Tu Hi Haqeeqat,Sony Music Entertainment India Pvt. Ltd.,174,25,1707134
Pritam,Tu Hi Haqeeqat,Sony Music Entertainment India Pvt. Ltd.,174,25,1707134
Shadab,Tu Hi Haqeeqat,Sony Music Entertainment India Pvt. Ltd.,174,25,1707134
Pritam,Tu Hi Mera,Sony Music Entertainment India Pvt. Ltd.,163,19,2009907
Shafqat Amanat Ali,Tu Hi Mera,Sony Music Entertainment India Pvt. Ltd.,163,19,2009907
Atif Aslam,Tu Jaane Na,Tips Industries Ltd,71,214,2257502
Pritam,Tu Jaane Na,Tips Industries Ltd,71,214,2257502
Bunny,Tu Ru Ruu,Universal Music India Pvt Ltd. – Distribution,158,1,1402766
Harrdy Sandhu,Tu Ru Ruu,Universal Music India Pvt Ltd. – Distribution,158,1,1402766
Sagar,Tu Ru Ruu,Universal Music India Pvt Ltd. – Distribution,158,1,1402766
AUR,Tu hai kahan,Sony Music Middle East / South Asia,1,82,2418016
Mohit Chauhan,Tujhe Bhula Diya,T-Series,94,35,1533367
Shekhar Ravjiani,Tujhe Bhula Diya,T-Series,94,35,1533367
Shruti Pathak,Tujhe Bhula Diya,T-Series,94,35,1533367
Vishal-Shekhar,Tujhe Bhula Diya,T-Series,94,35,1533367
Arijit Singh,"Tujhe Kitna Chahne Lage (From ""Kabir Singh"")",T-Series,2,336,3901950
Mithoon,"Tujhe Kitna Chahne Lage (From ""Kabir Singh"")",T-Series,2,336,3901950
Arijit Singh,Tum Hi Ho,T-Series,42,249,2718172
Mithoon,Tum Hi Ho,T-Series,42,249,2718172
Mohit Chauhan,Tum Ho,T-Series,62,31,1195003
Suzanne D'Mello,Tum Ho,T-Series,62,31,1195003
Hansika Pareek,"Tum Ho Toh (From ""Saiyaara"")",YRF Music,8,16,8656855
Raj Shekhar,"Tum Ho Toh (From ""Saiyaara"")",YRF Music,8,16,8656855
Vishal Mishra,"Tum Ho Toh (From ""Saiyaara"")",YRF Music,8,16,8656855
Irshad Kamil,Tum Jo Aaye,T-Series,179,23,1757134
Pritam,Tum Jo Aaye,T-Series,179,23,1757134
Rahat Fateh Ali Khan,Tum Jo Aaye,T-Series,179,23,1757134
Tulsi Kumar,Tum Jo Aaye,T-Series,179,23,1757134
Amitabh Bhattacharya,"Tum Kya Mile (From ""Rocky Aur Rani Kii Prem Kahaani"")",Saregama India Ltd,9,108,1660103
Arijit Singh,"Tum Kya Mile (From ""Rocky Aur Rani Kii Prem Kahaani"")",Saregama India Ltd,9,108,1660103
Pritam,"Tum Kya Mile (From ""Rocky Aur Rani Kii Prem Kahaani"")",Saregama India Ltd,9,108,1660103
Shreya Ghoshal,"Tum Kya Mile (From ""Rocky Aur Rani Kii Prem Kahaani"")",Saregama India Ltd,9,108,1660103
Amitabh Bhattacharya,Tum Mere Na Huye - From “Thamma”,Universal Music India Pvt. Ltd.,150,5,2718717
Madhubanti Bagchi,Tum Mere Na Huye - From “Thamma”,Universal Music India Pvt. Ltd.,150,5,2718717
Sachin-Jigar,Tum Mere Na Huye - From “Thamma”,Universal Music India Pvt. Ltd.,150,5,2718717
Neeraj Shridhar,Tum Mile,Sony Music Entertainment India Pvt. Ltd.,177,26,1969064
Pritam,Tum Mile,Sony Music Entertainment India Pvt. Ltd.,177,26,1969064
Indraneel,"Tum Se (From ""Teri Baaton Mein Aisa Uljha Jiya"")",T-Series,10,91,3095773
Raghav Chaitanya,"Tum Se (From ""Teri Baaton Mein Aisa Uljha Jiya"")",T-Series,10,91,3095773
Sachin-Jigar,"Tum Se (From ""Teri Baaton Mein Aisa Uljha Jiya"")",T-Series,10,91,3095773
Varun Jain,"Tum Se (From ""Teri Baaton Mein Aisa Uljha Jiya"")",T-Series,10,91,3095773
Irshad Kamil,Tum Se Hi,T-Series,14,294,3565264
Mohit Chauhan,Tum Se Hi,T-Series,14,294,3565264
Pritam,Tum Se Hi,T-Series,14,294,3565264
A.R. Rahman,"Tum Tak (From ""Raanjhanaa"")",Sony Music Entertainment India Pvt. Ltd.,167,55,2118204
Javed Ali,"Tum Tak (From ""Raanjhanaa"")",Sony Music Entertainment India Pvt. Ltd.,167,55,2118204
KIRTI SAGATHIA,"Tum Tak (From ""Raanjhanaa"")",Sony Music Entertainment India Pvt. Ltd.,167,55,2118204
Pooja AV,"Tum Tak (From ""Raanjhanaa"")",Sony Music Entertainment India Pvt. Ltd.,167,55,2118204
Amitabh Bhattacharya,"Tumhare Hi Rahenge Hum (From ""Stree 2"")",Saregama India Ltd,8,64,2596268
Sachin-Jigar,"Tumhare Hi Rahenge Hum (From ""Stree 2"")",Saregama India Ltd,8,64,2596268
Shilpa Rao,"Tumhare Hi Rahenge Hum (From ""Stree 2"")",Saregama India Ltd,8,64,2596268
Varun Jain,"Tumhare Hi Rahenge Hum (From ""Stree 2"")",Saregama India Ltd,8,64,2596268
Arijit Singh,"Tumse Behtar (From ""Sunny Sanskari Ki Tulsi Kumari"")",Sony Music Entertainment India Pvt. Ltd.,131,4,1894574
Manoj Muntashir,"Tumse Behtar (From ""Sunny Sanskari Ki Tulsi Kumari"")",Sony Music Entertainment India Pvt. Ltd.,131,4,1894574
Tanishk Bagchi,"Tumse Behtar (From ""Sunny Sanskari Ki Tulsi Kumari"")",Sony Music Entertainment India Pvt. Ltd.,131,4,1894574
Cheema Y,Tutor,Brown Town Music,197,4,2443884
Gur Sidhu,Tutor,Brown Town Music,197,4,2443884
Dhanda Nyoliwala,Up To U,FarArmy Productions,58,28,1416130
Amit Trivedi,"Uyi Amma - From ""Azaad""",Zee Music Company,191,36,2523074
Amitabh Bhattacharya,"Uyi Amma - From ""Azaad""",Zee Music Company,191,36,2523074
Madhubanti Bagchi,"Uyi Amma - From ""Azaad""",Zee Music Company,191,36,2523074
Chinmayi,Vaarayo Vaarayo,Sony Music Entertainment India Pvt. Ltd.,178,2,1336893
Harris Jayaraj,Vaarayo Vaarayo,Sony Music Entertainment India Pvt. Ltd.,178,2,1336893
Kabilan,Vaarayo Vaarayo,Sony Music Entertainment India Pvt. Ltd.,178,2,1336893
Mega,Vaarayo Vaarayo,Sony Music Entertainment India Pvt. Ltd.,178,2,1336893
Unnikrishnan,Vaarayo Vaarayo,Sony Music Entertainment India Pvt. Ltd.,178,2,1336893
Anand Bhaskar,Vaaroon,Zee Music Company,197,19,2079303
Ginny Diwan,Vaaroon,Zee Music Company,197,19,2079303
Romy,Vaaroon,Zee Music Company,197,19,2079303
Soumya Rawat,Vartmaan,UNIYAL,51,4,2054810
UNIYAL,Vartmaan,UNIYAL,51,4,2054810
Leon James,"Vazhithunaiye - From ""Dragon""",Think Music,196,14,1755807
Sanjana Kalmanje,"Vazhithunaiye - From ""Dragon""",Think Music,196,14,1755807
Sid Sriram,"Vazhithunaiye - From ""Dragon""",Think Music,196,14,1755807
Avvy Sra,Ve Haaniyaan,Dreamiyata Entertainment Pvt Ltd,10,73,1655355
Danny,Ve Haaniyaan,Dreamiyata Entertainment Pvt Ltd,10,73,1655355
Sagar,Ve Haaniyaan,Dreamiyata Entertainment Pvt Ltd,10,73,1655355
Altamash Faridi,"Ve Kamleya (From ""Rocky Aur Rani Kii Prem Kahaani"")",Saregama India Ltd,15,112,1795657
Amitabh Bhattacharya,"Ve Kamleya (From ""Rocky Aur Rani Kii Prem Kahaani"")",Saregama India Ltd,15,112,1795657
Arijit Singh,"Ve Kamleya (From ""Rocky Aur Rani Kii Prem Kahaani"")",Saregama India Ltd,15,112,1795657
Pritam,"Ve Kamleya (From ""Rocky Aur Rani Kii Prem Kahaani"")",Saregama India Ltd,15,112,1795657
Shadab Faridi,"Ve Kamleya (From ""Rocky Aur Rani Kii Prem Kahaani"")",Saregama India Ltd,15,112,1795657
Shreya Ghoshal,"Ve Kamleya (From ""Rocky Aur Rani Kii Prem Kahaani"")",Saregama India Ltd,15,112,1795657
Armaan Malik,"Vibe Undi (From ""Mirai"") [Telugu]",Tips Music Limited,177,1,1397834
GowraHari,"Vibe Undi (From ""Mirai"") [Telugu]",Tips Music Limited,177,1,1397834
Krishna Kanth,"Vibe Undi (From ""Mirai"") [Telugu]",Tips Music Limited,177,1,1397834
Audiocrackerr,Victory Anthem,Sony Music India / Brown,17,17,2493665
Khushi TDT,Victory Anthem,Sony Music India / Brown,17,17,2493665
Lash curry,Victory Anthem,Sony Music India / Brown,17,17,2493665
Adesh Krishna,"Vizhi Veekura - From ""Think Indie""",Think Music,182,4,1474862
Sai Abhyankkar,"Vizhi Veekura - From ""Think Indie""",Think Music,182,4,1474862
Sai Smriti,"Vizhi Veekura - From ""Think Indie""",Think Music,182,4,1474862
Masoom Sharma,Warning,Gem Tunes Haryanvi,130,17,1652280
Swara Verma,Warning,Gem Tunes Haryanvi,130,17,1652280
Diljit Dosanjh,Water,Famous Studios,181,21,2404046
MixSingh,Water,Famous Studios,181,21,2404046
Raj Ranjodh,Water,Famous Studios,181,21,2404046
Jay Trak,Wavy,Karan Aujla Music,4,51,4526435
Karan Aujla,Wavy,Karan Aujla Music,4,51,4526435
Avvy Sra,White Brown Black,Universal Music India Pvt Ltd. – Distribution,29,125,2126223
Jaani,White Brown Black,Universal Music India Pvt Ltd. – Distribution,29,125,2126223
Karan Aujla,White Brown Black,Universal Music India Pvt Ltd. – Distribution,29,125,2126223
Karan Aujla,Winning Speech,Karan Aujla,8,77,2966205
Seshnolan,Winning Speech,Karan Aujla,8,77,2966205
AP Dhillon,With You,Mass Appeal India,2,65,1392906
AP Dhillon,Without Me,AP Dhillon,187,1,1353514
Atif Aslam,"Woh Lamhe Woh Baatein - From ""Zeher""",UME - Global Clearing House,190,21,1830470
Mithoon,"Woh Lamhe Woh Baatein - From ""Zeher""",UME - Global Clearing House,190,21,1830470
Naresh Sharma,"Woh Lamhe Woh Baatein - From ""Zeher""",UME - Global Clearing House,190,21,1830470
Roop Kumar Rathod,"Woh Lamhe Woh Baatein - From ""Zeher""",UME - Global Clearing House,190,21,1830470
YUNG DSA,YEDA YUNG,Gully Gang Records,113,7,2589356
Year Down,YEDA YUNG,Gully Gang Records,113,7,2589356
Pritam,"Ya Ali - From ""Gangster""",Vishesh Films,119,2,1689636
Zubeen Garg,"Ya Ali - From ""Gangster""",Vishesh Films,119,2,1689636
Masoom Sharma,Yaari,Kiara Records,153,6,2233652
Javed Bashir,Ye Tune Kya Kiya,T-Series,26,90,4036122
Pritam,Ye Tune Kya Kiya,T-Series,26,90,4036122
Dhanush,"Yedi (From ""Nilavuku En Mel Ennadi Kobam"")",Wunderbar Films,191,11,1604450
G. V. Prakash,"Yedi (From ""Nilavuku En Mel Ennadi Kobam"")",Wunderbar Films,191,11,1604450
Jonita Gandhi,"Yedi (From ""Nilavuku En Mel Ennadi Kobam"")",Wunderbar Films,191,11,1604450
Vivek,"Yedi (From ""Nilavuku En Mel Ennadi Kobam"")",Wunderbar Films,191,11,1604450
Ikky,You're U Tho,WM Canada,186,1,1375033
Karan Aujla,You're U Tho,WM Canada,186,1,1375033
Cheema Y,Young G.O.A.T,Brown Town Music,117,16,1776442
Gur Sidhu,Young G.O.A.T,Brown Town Music,117,16,1776442
Arijit Singh,Zaalima,Zee Music Company,78,124,2880442
Harshdeep Kaur,Zaalima,Zee Music Company,78,124,2880442
Arijit Singh,Zamaana Lage,T-Series,26,14,2652472
Pritam,Zamaana Lage,T-Series,26,14,2652472
Qaisar-Ul-Jafri,Zamaana Lage,T-Series,26,14,2652472
Sandeep Shrivastava,Zamaana Lage,T-Series,26,14,2652472
Shashwat Singh,Zamaana Lage,T-Series,26,14,2652472
Arijit Singh,"Zamaana Lage (From ""Metro ... In Dino"")",T-Series,50,3,2647074
Pritam,"Zamaana Lage (From ""Metro ... In Dino"")",T-Series,50,3,2647074
Qaisar-Ul-Jafri,"Zamaana Lage (From ""Metro ... In Dino"")",T-Series,50,3,2647074
Sandeep Shrivastava,"Zamaana Lage (From ""Metro ... In Dino"")",T-Series,50,3,2647074
Shashwat Singh,"Zamaana Lage (From ""Metro ... In Dino"")",T-Series,50,3,2647074
KK,Zara Sa,Sony Music Entertainment India Pvt. Ltd.,33,140,2696702
Pritam,Zara Sa,Sony Music Entertainment India Pvt. Ltd.,33,140,2696702
Aparshakti Khurana,Zaroor,Sony Music India / Nine,13,64,1754494
Savi Kahlon,Zaroor,Sony Music India / Nine,13,64,1754494
Mithoon,Zaroorat,T-Series,129,12,1400059
Mustafa Zahid,Zaroorat,T-Series,129,12,1400059
Mustafa Zahid,"Zaroorat (From ""Ek Villain"")",T-Series,197,11,1560662
Chinmayi,Zehnaseeb,Sony Music Entertainment India Pvt. Ltd.,167,7,1559627
Shekhar Ravjiani,Zehnaseeb,Sony Music Entertainment India Pvt. Ltd.,167,7,1559627
Vishal-Shekhar,Zehnaseeb,Sony Music Entertainment India Pvt. Ltd.,167,7,1559627
Javed-Mohsin,Zihaal e Miskin,Universal Music India Pvt Ltd.,7,67,1430566
Shreya Ghoshal,Zihaal e Miskin,Universal Music India Pvt Ltd.,7,67,1430566
Vishal Mishra,Zihaal e Miskin,Universal Music India Pvt Ltd.,7,67,1430566
yung kai,blue,BMG Rights Management (US) LLC,33,32,3183311
JENNIE,like JENNIE,OA Entertainment/Columbia,181,11,1506338
Kendrick Lamar,luther (with sza),"pgLang, under exclusive license to Interscope Records",169,1,1374544
SZA,luther (with sza),"pgLang, under exclusive license to Interscope Records",169,1,1374544
